,value,component,exp,Time
0,0.0,x-mom,real,2000-01-01 05:00:00
1,0.01781313121318817,x-mom,real,2000-01-01 05:00:00
2,0.03400639072060585,x-mom,real,2000-01-01 05:00:00
3,0.04931529238820076,x-mom,real,2000-01-01 05:00:00
4,4.306336879730225,x-mom,real,2000-01-01 05:00:00
5,-6.328087329864502,x-mom,real,2000-01-01 05:00:00
6,-62.41550827026367,x-mom,real,2000-01-01 05:00:00
7,-75.13614654541016,x-mom,real,2000-01-01 05:00:00
8,23.746152877807617,x-mom,real,2000-01-01 05:00:00
9,-75.57118225097656,x-mom,real,2000-01-01 05:00:00
10,-70.31236267089844,x-mom,real,2000-01-01 05:00:00
11,54.55376052856445,x-mom,real,2000-01-01 05:00:00
12,31.3189754486084,x-mom,real,2000-01-01 05:00:00
13,-69.94376373291016,x-mom,real,2000-01-01 05:00:00
14,-72.90760803222656,x-mom,real,2000-01-01 05:00:00
15,-143.36624145507812,x-mom,real,2000-01-01 05:00:00
16,-240.43589782714844,x-mom,real,2000-01-01 05:00:00
17,-111.49646759033203,x-mom,real,2000-01-01 05:00:00
18,151.5897674560547,x-mom,real,2000-01-01 05:00:00
19,322.1022033691406,x-mom,real,2000-01-01 05:00:00
20,299.2657165527344,x-mom,real,2000-01-01 05:00:00
21,256.1656494140625,x-mom,real,2000-01-01 05:00:00
22,115.11534118652344,x-mom,real,2000-01-01 05:00:00
23,71.0757827758789,x-mom,real,2000-01-01 05:00:00
24,244.2672576904297,x-mom,real,2000-01-01 05:00:00
25,297.4704284667969,x-mom,real,2000-01-01 05:00:00
26,282.58026123046875,x-mom,real,2000-01-01 05:00:00
27,-27.096811294555664,x-mom,real,2000-01-01 05:00:00
28,30.299428939819336,x-mom,real,2000-01-01 05:00:00
29,136.8203887939453,x-mom,real,2000-01-01 05:00:00
30,38.59915542602539,x-mom,real,2000-01-01 05:00:00
31,77.88411712646484,x-mom,real,2000-01-01 05:00:00
32,242.00340270996094,x-mom,real,2000-01-01 05:00:00
33,174.5408477783203,x-mom,real,2000-01-01 05:00:00
34,18.65507698059082,x-mom,real,2000-01-01 05:00:00
35,-36.74542999267578,x-mom,real,2000-01-01 05:00:00
36,108.069091796875,x-mom,real,2000-01-01 05:00:00
37,309.4851989746094,x-mom,real,2000-01-01 05:00:00
38,393.2631530761719,x-mom,real,2000-01-01 05:00:00
39,417.4674377441406,x-mom,real,2000-01-01 05:00:00
40,162.36062622070312,x-mom,real,2000-01-01 05:00:00
41,144.72592163085938,x-mom,real,2000-01-01 05:00:00
42,351.93487548828125,x-mom,real,2000-01-01 05:00:00
43,116.39344787597656,x-mom,real,2000-01-01 05:00:00
44,6.263614654541016,x-mom,real,2000-01-01 05:00:00
45,1.0933729410171509,x-mom,real,2000-01-01 05:00:00
46,56.660728454589844,x-mom,real,2000-01-01 05:00:00
47,-40.73727035522461,x-mom,real,2000-01-01 05:00:00
48,44.95463180541992,x-mom,real,2000-01-01 05:00:00
0,0.0,y-mom,real,2000-01-01 05:00:00
1,0.004747950937598944,y-mom,real,2000-01-01 05:00:00
2,0.009407567791640759,y-mom,real,2000-01-01 05:00:00
3,0.015532165765762329,y-mom,real,2000-01-01 05:00:00
4,-0.0011343942023813725,y-mom,real,2000-01-01 05:00:00
5,0.6672788858413696,y-mom,real,2000-01-01 05:00:00
6,3.0069613456726074,y-mom,real,2000-01-01 05:00:00
7,-2.7513818740844727,y-mom,real,2000-01-01 05:00:00
8,2.385286331176758,y-mom,real,2000-01-01 05:00:00
9,5.6791534423828125,y-mom,real,2000-01-01 05:00:00
10,2.396172285079956,y-mom,real,2000-01-01 05:00:00
11,-3.4893176555633545,y-mom,real,2000-01-01 05:00:00
12,-3.4379940032958984,y-mom,real,2000-01-01 05:00:00
13,9.61194896697998,y-mom,real,2000-01-01 05:00:00
14,-11.549555778503418,y-mom,real,2000-01-01 05:00:00
15,-4.918151378631592,y-mom,real,2000-01-01 05:00:00
16,-5.872151851654053,y-mom,real,2000-01-01 05:00:00
17,-5.095919132232666,y-mom,real,2000-01-01 05:00:00
18,11.943076133728027,y-mom,real,2000-01-01 05:00:00
19,-12.44050407409668,y-mom,real,2000-01-01 05:00:00
20,-3.9539036750793457,y-mom,real,2000-01-01 05:00:00
21,1.5554155111312866,y-mom,real,2000-01-01 05:00:00
22,20.253332138061523,y-mom,real,2000-01-01 05:00:00
23,-3.3302855491638184,y-mom,real,2000-01-01 05:00:00
24,-13.403223037719727,y-mom,real,2000-01-01 05:00:00
25,18.06842041015625,y-mom,real,2000-01-01 05:00:00
26,39.01245880126953,y-mom,real,2000-01-01 05:00:00
27,41.685062408447266,y-mom,real,2000-01-01 05:00:00
28,9.891209602355957,y-mom,real,2000-01-01 05:00:00
29,-34.43433380126953,y-mom,real,2000-01-01 05:00:00
30,6.487115383148193,y-mom,real,2000-01-01 05:00:00
31,-14.724738121032715,y-mom,real,2000-01-01 05:00:00
32,-16.96442222595215,y-mom,real,2000-01-01 05:00:00
33,-28.277267456054688,y-mom,real,2000-01-01 05:00:00
34,-1.4901347160339355,y-mom,real,2000-01-01 05:00:00
35,25.745784759521484,y-mom,real,2000-01-01 05:00:00
36,-15.585822105407715,y-mom,real,2000-01-01 05:00:00
37,-6.775439262390137,y-mom,real,2000-01-01 05:00:00
38,-12.252531051635742,y-mom,real,2000-01-01 05:00:00
39,14.05673599243164,y-mom,real,2000-01-01 05:00:00
40,25.725521087646484,y-mom,real,2000-01-01 05:00:00
41,19.59074592590332,y-mom,real,2000-01-01 05:00:00
42,85.58648681640625,y-mom,real,2000-01-01 05:00:00
43,14.674932479858398,y-mom,real,2000-01-01 05:00:00
44,16.840906143188477,y-mom,real,2000-01-01 05:00:00
45,-30.022756576538086,y-mom,real,2000-01-01 05:00:00
46,5.157529354095459,y-mom,real,2000-01-01 05:00:00
47,-25.164766311645508,y-mom,real,2000-01-01 05:00:00
48,-6.12320613861084,y-mom,real,2000-01-01 05:00:00
0,34.77954410601266,z-mom,real,2000-01-01 05:00:00
1,-233.19181170886077,z-mom,real,2000-01-01 05:00:00
2,-263.7024525316456,z-mom,real,2000-01-01 05:00:00
3,329.3453125,z-mom,real,2000-01-01 05:00:00
4,64.21258900316455,z-mom,real,2000-01-01 05:00:00
5,633.0256329113924,z-mom,real,2000-01-01 05:00:00
6,300.3852650316456,z-mom,real,2000-01-01 05:00:00
7,12.976420342167721,z-mom,real,2000-01-01 05:00:00
8,445.02820411392406,z-mom,real,2000-01-01 05:00:00
9,237.46675237341773,z-mom,real,2000-01-01 05:00:00
10,169.49541139240506,z-mom,real,2000-01-01 05:00:00
11,235.09446202531646,z-mom,real,2000-01-01 05:00:00
12,238.03390031645569,z-mom,real,2000-01-01 05:00:00
13,386.07535601265823,z-mom,real,2000-01-01 05:00:00
14,207.20395569620254,z-mom,real,2000-01-01 05:00:00
15,465.55466772151897,z-mom,real,2000-01-01 05:00:00
16,596.4653481012658,z-mom,real,2000-01-01 05:00:00
17,641.5089003164557,z-mom,real,2000-01-01 05:00:00
18,524.5019778481013,z-mom,real,2000-01-01 05:00:00
19,475.5810917721519,z-mom,real,2000-01-01 05:00:00
20,592.7830696202532,z-mom,real,2000-01-01 05:00:00
21,297.4772151898734,z-mom,real,2000-01-01 05:00:00
22,509.4226265822785,z-mom,real,2000-01-01 05:00:00
23,725.8132120253165,z-mom,real,2000-01-01 05:00:00
24,710.6022943037975,z-mom,real,2000-01-01 05:00:00
25,674.5832278481013,z-mom,real,2000-01-01 05:00:00
26,613.3182753164557,z-mom,real,2000-01-01 05:00:00
27,516.056091772152,z-mom,real,2000-01-01 05:00:00
28,422.46174841772154,z-mom,real,2000-01-01 05:00:00
29,317.08928006329114,z-mom,real,2000-01-01 05:00:00
30,324.69509493670887,z-mom,real,2000-01-01 05:00:00
31,630.6961234177215,z-mom,real,2000-01-01 05:00:00
32,605.8738924050633,z-mom,real,2000-01-01 05:00:00
33,626.0738132911392,z-mom,real,2000-01-01 05:00:00
34,529.0826740506329,z-mom,real,2000-01-01 05:00:00
35,344.96598101265823,z-mom,real,2000-01-01 05:00:00
36,132.08596716772152,z-mom,real,2000-01-01 05:00:00
37,282.6545886075949,z-mom,real,2000-01-01 05:00:00
38,384.82863924050633,z-mom,real,2000-01-01 05:00:00
39,417.09173259493673,z-mom,real,2000-01-01 05:00:00
40,266.190664556962,z-mom,real,2000-01-01 05:00:00
41,164.55698180379747,z-mom,real,2000-01-01 05:00:00
42,136.38546281645569,z-mom,real,2000-01-01 05:00:00
43,252.45316455696204,z-mom,real,2000-01-01 05:00:00
44,-2.9382416930379747,z-mom,real,2000-01-01 05:00:00
45,-47.700336234177215,z-mom,real,2000-01-01 05:00:00
46,-17.11720233386076,z-mom,real,2000-01-01 05:00:00
47,-90.01354825949367,z-mom,real,2000-01-01 05:00:00
48,22.413805379746837,z-mom,real,2000-01-01 05:00:00
0,0.0,x-press,real,2000-01-01 05:00:00
1,-2.7350594677955087e-07,x-press,real,2000-01-01 05:00:00
2,6.17667467395222e-07,x-press,real,2000-01-01 05:00:00
3,-1.269523068003764e-06,x-press,real,2000-01-01 05:00:00
4,9.930876387898024e-08,x-press,real,2000-01-01 05:00:00
5,3.596537499106489e-05,x-press,real,2000-01-01 05:00:00
6,0.00012289074948057532,x-press,real,2000-01-01 05:00:00
7,0.00012135129509260878,x-press,real,2000-01-01 05:00:00
8,5.846187923452817e-05,x-press,real,2000-01-01 05:00:00
9,-6.013091842760332e-05,x-press,real,2000-01-01 05:00:00
10,4.472603177418932e-05,x-press,real,2000-01-01 05:00:00
11,4.743829049402848e-05,x-press,real,2000-01-01 05:00:00
12,0.00011839451326522976,x-press,real,2000-01-01 05:00:00
13,0.00012768850137945265,x-press,real,2000-01-01 05:00:00
14,0.00017322298663202673,x-press,real,2000-01-01 05:00:00
15,-0.00013971395674161613,x-press,real,2000-01-01 05:00:00
16,-0.00012853083899244666,x-press,real,2000-01-01 05:00:00
17,-0.00018903684394899756,x-press,real,2000-01-01 05:00:00
18,-5.023619451094419e-05,x-press,real,2000-01-01 05:00:00
19,-5.850290472153574e-05,x-press,real,2000-01-01 05:00:00
20,0.0002680220641195774,x-press,real,2000-01-01 05:00:00
21,0.00028658303199335933,x-press,real,2000-01-01 05:00:00
22,0.0005101779825054109,x-press,real,2000-01-01 05:00:00
23,0.0005232020630501211,x-press,real,2000-01-01 05:00:00
24,5.868654989171773e-05,x-press,real,2000-01-01 05:00:00
25,3.821590780717088e-06,x-press,real,2000-01-01 05:00:00
26,0.0003832230868283659,x-press,real,2000-01-01 05:00:00
27,0.0005795693723484874,x-press,real,2000-01-01 05:00:00
28,0.0004774341359734535,x-press,real,2000-01-01 05:00:00
29,-0.0001078873174265027,x-press,real,2000-01-01 05:00:00
30,0.0006411713548004627,x-press,real,2000-01-01 05:00:00
31,0.00041904387762770057,x-press,real,2000-01-01 05:00:00
32,0.00025108654517680407,x-press,real,2000-01-01 05:00:00
33,3.5113593185087666e-05,x-press,real,2000-01-01 05:00:00
34,-0.0001489692076575011,x-press,real,2000-01-01 05:00:00
35,0.0003204919339623302,x-press,real,2000-01-01 05:00:00
36,0.0006557006854563951,x-press,real,2000-01-01 05:00:00
37,0.0011763767106458545,x-press,real,2000-01-01 05:00:00
38,0.0006155158043839037,x-press,real,2000-01-01 05:00:00
39,0.0005199701990932226,x-press,real,2000-01-01 05:00:00
40,0.0002693498972803354,x-press,real,2000-01-01 05:00:00
41,0.0009843395091593266,x-press,real,2000-01-01 05:00:00
42,0.0006487913778983057,x-press,real,2000-01-01 05:00:00
43,0.0003051781968679279,x-press,real,2000-01-01 05:00:00
44,0.00022882054327055812,x-press,real,2000-01-01 05:00:00
45,0.0003918515576515347,x-press,real,2000-01-01 05:00:00
46,-0.00025705707957968116,x-press,real,2000-01-01 05:00:00
47,-0.00035048412973992527,x-press,real,2000-01-01 05:00:00
48,-0.00028495959122665226,x-press,real,2000-01-01 05:00:00
0,-0.0,flux-divg,real,2000-01-01 05:00:00
1,-0.0034375063893764836,flux-divg,real,2000-01-01 05:00:00
2,-0.0018917197872113578,flux-divg,real,2000-01-01 05:00:00
3,5.4234008789062925e-05,flux-divg,real,2000-01-01 05:00:00
4,0.000792324191709108,flux-divg,real,2000-01-01 05:00:00
5,-0.00038098120967044124,flux-divg,real,2000-01-01 05:00:00
6,0.0018328629351265823,flux-divg,real,2000-01-01 05:00:00
7,0.0007336697735363924,flux-divg,real,2000-01-01 05:00:00
8,-6.164649673655109e-05,flux-divg,real,2000-01-01 05:00:00
9,-0.00011612558871884859,flux-divg,real,2000-01-01 05:00:00
10,0.00034657540623145766,flux-divg,real,2000-01-01 05:00:00
11,0.0006937976305997821,flux-divg,real,2000-01-01 05:00:00
12,-6.605118956746936e-05,flux-divg,real,2000-01-01 05:00:00
13,-0.00015702447818804365,flux-divg,real,2000-01-01 05:00:00
14,-0.00028161076606074474,flux-divg,real,2000-01-01 05:00:00
15,0.00016228144199033334,flux-divg,real,2000-01-01 05:00:00
16,-0.00010282391222217424,flux-divg,real,2000-01-01 05:00:00
17,-0.00017260142459145066,flux-divg,real,2000-01-01 05:00:00
18,-0.00036735862635358995,flux-divg,real,2000-01-01 05:00:00
19,-0.0003609100167962569,flux-divg,real,2000-01-01 05:00:00
20,0.0004900965398474582,flux-divg,real,2000-01-01 05:00:00
21,-0.0003289143081858188,flux-divg,real,2000-01-01 05:00:00
22,0.0003578618921207477,flux-divg,real,2000-01-01 05:00:00
23,0.00023858653394481831,flux-divg,real,2000-01-01 05:00:00
24,7.445939076097651e-05,flux-divg,real,2000-01-01 05:00:00
25,0.0005244039878362336,flux-divg,real,2000-01-01 05:00:00
26,2.8759634283524348e-05,flux-divg,real,2000-01-01 05:00:00
27,0.0005277406175830697,flux-divg,real,2000-01-01 05:00:00
28,-0.0001742233933074564,flux-divg,real,2000-01-01 05:00:00
29,0.00039372380123862705,flux-divg,real,2000-01-01 05:00:00
30,0.0008174823886533326,flux-divg,real,2000-01-01 05:00:00
31,0.001462163843082476,flux-divg,real,2000-01-01 05:00:00
32,0.001118550700899921,flux-divg,real,2000-01-01 05:00:00
33,0.0012702778644803202,flux-divg,real,2000-01-01 05:00:00
34,0.001078323047493078,flux-divg,real,2000-01-01 05:00:00
35,0.000227736291040348,flux-divg,real,2000-01-01 05:00:00
36,-0.0007679080142250545,flux-divg,real,2000-01-01 05:00:00
37,-0.001233065737953669,flux-divg,real,2000-01-01 05:00:00
38,0.000493537323384345,flux-divg,real,2000-01-01 05:00:00
39,0.0010052981065194816,flux-divg,real,2000-01-01 05:00:00
40,0.0003021445667894582,flux-divg,real,2000-01-01 05:00:00
41,-0.0011097114022170442,flux-divg,real,2000-01-01 05:00:00
42,-0.00021011709671986246,flux-divg,real,2000-01-01 05:00:00
43,-8.315042036998133e-05,flux-divg,real,2000-01-01 05:00:00
44,-0.0005533335625370847,flux-divg,real,2000-01-01 05:00:00
45,5.804310955578767e-05,flux-divg,real,2000-01-01 05:00:00
46,-2.7470944561535802e-05,flux-divg,real,2000-01-01 05:00:00
47,-4.522663454466214e-05,flux-divg,real,2000-01-01 05:00:00
48,0.0005547672976723201,flux-divg,real,2000-01-01 05:00:00
0,0.0,x-mom,stable,2000-01-01 05:00:00
1,0.013366195373237133,x-mom,stable,2000-01-01 05:00:00
2,0.029827509075403214,x-mom,stable,2000-01-01 05:00:00
3,-0.06240960583090782,x-mom,stable,2000-01-01 05:00:00
4,-0.4661672115325928,x-mom,stable,2000-01-01 05:00:00
5,-0.7023284435272217,x-mom,stable,2000-01-01 05:00:00
6,6.206061840057373,x-mom,stable,2000-01-01 05:00:00
7,0.69367516040802,x-mom,stable,2000-01-01 05:00:00
8,60.23240661621094,x-mom,stable,2000-01-01 05:00:00
9,-61.69306182861328,x-mom,stable,2000-01-01 05:00:00
10,4.892735958099365,x-mom,stable,2000-01-01 05:00:00
11,12.580862045288086,x-mom,stable,2000-01-01 05:00:00
12,-64.63442993164062,x-mom,stable,2000-01-01 05:00:00
13,-68.58299255371094,x-mom,stable,2000-01-01 05:00:00
14,-46.01981735229492,x-mom,stable,2000-01-01 05:00:00
15,-70.80706024169922,x-mom,stable,2000-01-01 05:00:00
16,-100.41728210449219,x-mom,stable,2000-01-01 05:00:00
17,45.664146423339844,x-mom,stable,2000-01-01 05:00:00
18,64.2968521118164,x-mom,stable,2000-01-01 05:00:00
19,-59.826839447021484,x-mom,stable,2000-01-01 05:00:00
20,-110.66699981689453,x-mom,stable,2000-01-01 05:00:00
21,-25.48122215270996,x-mom,stable,2000-01-01 05:00:00
22,105.82720947265625,x-mom,stable,2000-01-01 05:00:00
23,204.3362274169922,x-mom,stable,2000-01-01 05:00:00
24,255.7675323486328,x-mom,stable,2000-01-01 05:00:00
25,128.31101989746094,x-mom,stable,2000-01-01 05:00:00
26,40.60790252685547,x-mom,stable,2000-01-01 05:00:00
27,35.935462951660156,x-mom,stable,2000-01-01 05:00:00
28,48.31394577026367,x-mom,stable,2000-01-01 05:00:00
29,68.6789321899414,x-mom,stable,2000-01-01 05:00:00
30,-18.747726440429688,x-mom,stable,2000-01-01 05:00:00
31,-30.889070510864258,x-mom,stable,2000-01-01 05:00:00
32,-49.54545593261719,x-mom,stable,2000-01-01 05:00:00
33,-106.44967651367188,x-mom,stable,2000-01-01 05:00:00
34,-69.24249267578125,x-mom,stable,2000-01-01 05:00:00
35,-98.63738250732422,x-mom,stable,2000-01-01 05:00:00
36,-65.15626525878906,x-mom,stable,2000-01-01 05:00:00
37,-17.76082992553711,x-mom,stable,2000-01-01 05:00:00
38,13.560893058776855,x-mom,stable,2000-01-01 05:00:00
39,46.46741485595703,x-mom,stable,2000-01-01 05:00:00
40,98.5299301147461,x-mom,stable,2000-01-01 05:00:00
41,87.02902221679688,x-mom,stable,2000-01-01 05:00:00
42,54.1667594909668,x-mom,stable,2000-01-01 05:00:00
43,3.4017980098724365,x-mom,stable,2000-01-01 05:00:00
44,-17.308870315551758,x-mom,stable,2000-01-01 05:00:00
45,-11.220136642456055,x-mom,stable,2000-01-01 05:00:00
46,-24.794851303100586,x-mom,stable,2000-01-01 05:00:00
47,-42.71617126464844,x-mom,stable,2000-01-01 05:00:00
48,-23.72564125061035,x-mom,stable,2000-01-01 05:00:00
0,0.0,y-mom,stable,2000-01-01 05:00:00
1,0.0040284511633217335,y-mom,stable,2000-01-01 05:00:00
2,0.011477519758045673,y-mom,stable,2000-01-01 05:00:00
3,0.015486654825508595,y-mom,stable,2000-01-01 05:00:00
4,0.022638415917754173,y-mom,stable,2000-01-01 05:00:00
5,-0.15028418600559235,y-mom,stable,2000-01-01 05:00:00
6,-0.402717262506485,y-mom,stable,2000-01-01 05:00:00
7,-0.4195154011249542,y-mom,stable,2000-01-01 05:00:00
8,0.9569839835166931,y-mom,stable,2000-01-01 05:00:00
9,4.385722637176514,y-mom,stable,2000-01-01 05:00:00
10,1.2881470918655396,y-mom,stable,2000-01-01 05:00:00
11,-18.520326614379883,y-mom,stable,2000-01-01 05:00:00
12,-14.311884880065918,y-mom,stable,2000-01-01 05:00:00
13,-3.5125374794006348,y-mom,stable,2000-01-01 05:00:00
14,14.902840614318848,y-mom,stable,2000-01-01 05:00:00
15,7.403315544128418,y-mom,stable,2000-01-01 05:00:00
16,-1.9933816194534302,y-mom,stable,2000-01-01 05:00:00
17,8.137031555175781,y-mom,stable,2000-01-01 05:00:00
18,-2.3564517498016357,y-mom,stable,2000-01-01 05:00:00
19,-1.8806043863296509,y-mom,stable,2000-01-01 05:00:00
20,-7.150655269622803,y-mom,stable,2000-01-01 05:00:00
21,-7.153964996337891,y-mom,stable,2000-01-01 05:00:00
22,4.095738887786865,y-mom,stable,2000-01-01 05:00:00
23,13.968162536621094,y-mom,stable,2000-01-01 05:00:00
24,14.847501754760742,y-mom,stable,2000-01-01 05:00:00
25,6.633515357971191,y-mom,stable,2000-01-01 05:00:00
26,6.3390607833862305,y-mom,stable,2000-01-01 05:00:00
27,4.101609230041504,y-mom,stable,2000-01-01 05:00:00
28,2.446834087371826,y-mom,stable,2000-01-01 05:00:00
29,1.6202086210250854,y-mom,stable,2000-01-01 05:00:00
30,-0.08632873743772507,y-mom,stable,2000-01-01 05:00:00
31,-3.5097124576568604,y-mom,stable,2000-01-01 05:00:00
32,-6.7911200523376465,y-mom,stable,2000-01-01 05:00:00
33,-5.013113975524902,y-mom,stable,2000-01-01 05:00:00
34,-0.6499605774879456,y-mom,stable,2000-01-01 05:00:00
35,1.2560869455337524,y-mom,stable,2000-01-01 05:00:00
36,4.054849624633789,y-mom,stable,2000-01-01 05:00:00
37,3.2357678413391113,y-mom,stable,2000-01-01 05:00:00
38,13.825711250305176,y-mom,stable,2000-01-01 05:00:00
39,5.78753137588501,y-mom,stable,2000-01-01 05:00:00
40,2.3950459957122803,y-mom,stable,2000-01-01 05:00:00
41,-1.130071759223938,y-mom,stable,2000-01-01 05:00:00
42,-2.4154629707336426,y-mom,stable,2000-01-01 05:00:00
43,3.2115654945373535,y-mom,stable,2000-01-01 05:00:00
44,7.701308727264404,y-mom,stable,2000-01-01 05:00:00
45,3.4914140701293945,y-mom,stable,2000-01-01 05:00:00
46,8.420300483703613,y-mom,stable,2000-01-01 05:00:00
47,11.459245681762695,y-mom,stable,2000-01-01 05:00:00
48,7.876861095428467,y-mom,stable,2000-01-01 05:00:00
0,35.9933964596519,z-mom,stable,2000-01-01 05:00:00
1,39.066910601265825,z-mom,stable,2000-01-01 05:00:00
2,-39.147270569620254,z-mom,stable,2000-01-01 05:00:00
3,96.22195411392406,z-mom,stable,2000-01-01 05:00:00
4,68.52085640822784,z-mom,stable,2000-01-01 05:00:00
5,-157.72331882911394,z-mom,stable,2000-01-01 05:00:00
6,-317.94026898734177,z-mom,stable,2000-01-01 05:00:00
7,-94.20294699367089,z-mom,stable,2000-01-01 05:00:00
8,-51.48571993670886,z-mom,stable,2000-01-01 05:00:00
9,-130.58053797468355,z-mom,stable,2000-01-01 05:00:00
10,-130.03359375,z-mom,stable,2000-01-01 05:00:00
11,-130.28390031645569,z-mom,stable,2000-01-01 05:00:00
12,-232.4182555379747,z-mom,stable,2000-01-01 05:00:00
13,-175.74940664556962,z-mom,stable,2000-01-01 05:00:00
14,-393.93117088607596,z-mom,stable,2000-01-01 05:00:00
15,-320.15148338607594,z-mom,stable,2000-01-01 05:00:00
16,-363.3267405063291,z-mom,stable,2000-01-01 05:00:00
17,-371.81542721518986,z-mom,stable,2000-01-01 05:00:00
18,-480.65759493670885,z-mom,stable,2000-01-01 05:00:00
19,-305.06600079113923,z-mom,stable,2000-01-01 05:00:00
20,-338.270332278481,z-mom,stable,2000-01-01 05:00:00
21,-324.8914952531646,z-mom,stable,2000-01-01 05:00:00
22,-340.1299050632911,z-mom,stable,2000-01-01 05:00:00
23,-391.470292721519,z-mom,stable,2000-01-01 05:00:00
24,-486.11542721518987,z-mom,stable,2000-01-01 05:00:00
25,-439.8948575949367,z-mom,stable,2000-01-01 05:00:00
26,-503.16807753164557,z-mom,stable,2000-01-01 05:00:00
27,-391.81629746835443,z-mom,stable,2000-01-01 05:00:00
28,-308.8993670886076,z-mom,stable,2000-01-01 05:00:00
29,-162.01044303797468,z-mom,stable,2000-01-01 05:00:00
30,-160.4532931170886,z-mom,stable,2000-01-01 05:00:00
31,-123.94020965189874,z-mom,stable,2000-01-01 05:00:00
32,-125.0073378164557,z-mom,stable,2000-01-01 05:00:00
33,-92.04090189873418,z-mom,stable,2000-01-01 05:00:00
34,-83.08643196202532,z-mom,stable,2000-01-01 05:00:00
35,-59.05949367088608,z-mom,stable,2000-01-01 05:00:00
36,-94.10439082278481,z-mom,stable,2000-01-01 05:00:00
37,-92.6984375,z-mom,stable,2000-01-01 05:00:00
38,-18.048845431170886,z-mom,stable,2000-01-01 05:00:00
39,31.794432357594935,z-mom,stable,2000-01-01 05:00:00
40,7.1219491693037975,z-mom,stable,2000-01-01 05:00:00
41,-38.08063439477848,z-mom,stable,2000-01-01 05:00:00
42,-44.310349090189874,z-mom,stable,2000-01-01 05:00:00
43,-24.463239220727846,z-mom,stable,2000-01-01 05:00:00
44,14.729761669303798,z-mom,stable,2000-01-01 05:00:00
45,-12.347525217563291,z-mom,stable,2000-01-01 05:00:00
46,-14.498406596123418,z-mom,stable,2000-01-01 05:00:00
47,-10.179392677017406,z-mom,stable,2000-01-01 05:00:00
48,-52.90586431962026,z-mom,stable,2000-01-01 05:00:00
0,0.0,x-press,stable,2000-01-01 05:00:00
1,1.8754688824174082e-07,x-press,stable,2000-01-01 05:00:00
2,-1.3515749515136122e-06,x-press,stable,2000-01-01 05:00:00
3,5.756646714871749e-07,x-press,stable,2000-01-01 05:00:00
4,-3.1899253372102976e-06,x-press,stable,2000-01-01 05:00:00
5,1.2858030231654993e-06,x-press,stable,2000-01-01 05:00:00
6,1.8263042420585407e-06,x-press,stable,2000-01-01 05:00:00
7,-2.540022478569881e-06,x-press,stable,2000-01-01 05:00:00
8,-6.812836363678798e-05,x-press,stable,2000-01-01 05:00:00
9,-3.1612071325071156e-05,x-press,stable,2000-01-01 05:00:00
10,0.0001391102996421978,x-press,stable,2000-01-01 05:00:00
11,0.00010758451389847323,x-press,stable,2000-01-01 05:00:00
12,0.0002743534278124571,x-press,stable,2000-01-01 05:00:00
13,6.297211803030223e-05,x-press,stable,2000-01-01 05:00:00
14,-0.0005675724823959172,x-press,stable,2000-01-01 05:00:00
15,-0.0006362609565258026,x-press,stable,2000-01-01 05:00:00
16,-0.0001174502685898915,x-press,stable,2000-01-01 05:00:00
17,0.00023195837275125086,x-press,stable,2000-01-01 05:00:00
18,0.0004342980100773275,x-press,stable,2000-01-01 05:00:00
19,-2.751794454525225e-05,x-press,stable,2000-01-01 05:00:00
20,-0.00013562699314206839,x-press,stable,2000-01-01 05:00:00
21,-4.77967805636581e-05,x-press,stable,2000-01-01 05:00:00
22,-0.0001822050689952448,x-press,stable,2000-01-01 05:00:00
23,4.516949411481619e-05,x-press,stable,2000-01-01 05:00:00
24,0.00013844150817021728,x-press,stable,2000-01-01 05:00:00
25,3.711833414854482e-05,x-press,stable,2000-01-01 05:00:00
26,-0.00012625454110093415,x-press,stable,2000-01-01 05:00:00
27,0.00017143218428827822,x-press,stable,2000-01-01 05:00:00
28,-5.355895700631663e-05,x-press,stable,2000-01-01 05:00:00
29,-0.00022127310512587428,x-press,stable,2000-01-01 05:00:00
30,-8.026030263863504e-05,x-press,stable,2000-01-01 05:00:00
31,-0.00015660555800423026,x-press,stable,2000-01-01 05:00:00
32,6.439955905079842e-05,x-press,stable,2000-01-01 05:00:00
33,1.0495461538084783e-05,x-press,stable,2000-01-01 05:00:00
34,0.00013978072092868388,x-press,stable,2000-01-01 05:00:00
35,2.2934444132260978e-05,x-press,stable,2000-01-01 05:00:00
36,9.160884656012058e-05,x-press,stable,2000-01-01 05:00:00
37,0.00026675581466406584,x-press,stable,2000-01-01 05:00:00
38,0.00013449553807731718,x-press,stable,2000-01-01 05:00:00
39,1.1440360140113626e-05,x-press,stable,2000-01-01 05:00:00
40,-0.00033312561572529376,x-press,stable,2000-01-01 05:00:00
41,-0.00016047990357037634,x-press,stable,2000-01-01 05:00:00
42,-0.0003695604973472655,x-press,stable,2000-01-01 05:00:00
43,-0.0005992289516143501,x-press,stable,2000-01-01 05:00:00
44,-0.00024360453244298697,x-press,stable,2000-01-01 05:00:00
45,-0.00025871896650642157,x-press,stable,2000-01-01 05:00:00
46,-0.0004017231403850019,x-press,stable,2000-01-01 05:00:00
47,-5.223604603088461e-05,x-press,stable,2000-01-01 05:00:00
48,0.00012525297643151134,x-press,stable,2000-01-01 05:00:00
0,-0.0,flux-divg,stable,2000-01-01 05:00:00
1,1.4967522922950449e-05,flux-divg,stable,2000-01-01 05:00:00
2,0.000563875786503659,flux-divg,stable,2000-01-01 05:00:00
3,0.0008792105334318134,flux-divg,stable,2000-01-01 05:00:00
4,0.000916205726333811,flux-divg,stable,2000-01-01 05:00:00
5,0.0011104393816597855,flux-divg,stable,2000-01-01 05:00:00
6,0.001350283176084108,flux-divg,stable,2000-01-01 05:00:00
7,0.0016460046695757518,flux-divg,stable,2000-01-01 05:00:00
8,0.0010325982569441008,flux-divg,stable,2000-01-01 05:00:00
9,0.0009140261184112936,flux-divg,stable,2000-01-01 05:00:00
10,0.0006542503588712669,flux-divg,stable,2000-01-01 05:00:00
11,0.0003546110573297816,flux-divg,stable,2000-01-01 05:00:00
12,0.0006165431638307208,flux-divg,stable,2000-01-01 05:00:00
13,0.0007791153031361253,flux-divg,stable,2000-01-01 05:00:00
14,0.0005616597274587124,flux-divg,stable,2000-01-01 05:00:00
15,0.0006434808233719835,flux-divg,stable,2000-01-01 05:00:00
16,0.0007387562271311312,flux-divg,stable,2000-01-01 05:00:00
17,0.00041082968023758895,flux-divg,stable,2000-01-01 05:00:00
18,-3.836803001693539e-05,flux-divg,stable,2000-01-01 05:00:00
19,0.00037592601244962673,flux-divg,stable,2000-01-01 05:00:00
20,6.676262239866621e-05,flux-divg,stable,2000-01-01 05:00:00
21,0.0002195271487175664,flux-divg,stable,2000-01-01 05:00:00
22,0.0003020270354838311,flux-divg,stable,2000-01-01 05:00:00
23,0.00010914376560645766,flux-divg,stable,2000-01-01 05:00:00
24,-1.8743867753427236e-05,flux-divg,stable,2000-01-01 05:00:00
25,-9.2535373349733e-05,flux-divg,stable,2000-01-01 05:00:00
26,-0.00037314646081079407,flux-divg,stable,2000-01-01 05:00:00
27,-0.00012041238760646389,flux-divg,stable,2000-01-01 05:00:00
28,-0.0006642276795302766,flux-divg,stable,2000-01-01 05:00:00
29,-0.0007344644923149785,flux-divg,stable,2000-01-01 05:00:00
30,-0.00021309811507599262,flux-divg,stable,2000-01-01 05:00:00
31,-0.00010301699668546265,flux-divg,stable,2000-01-01 05:00:00
32,-0.00020209255266793167,flux-divg,stable,2000-01-01 05:00:00
33,-0.0002830284376385846,flux-divg,stable,2000-01-01 05:00:00
34,-0.00039344426722466184,flux-divg,stable,2000-01-01 05:00:00
35,-0.0004863914296596865,flux-divg,stable,2000-01-01 05:00:00
36,-0.00057539453627188,flux-divg,stable,2000-01-01 05:00:00
37,-0.0005141739079922061,flux-divg,stable,2000-01-01 05:00:00
38,-0.0004862941056263598,flux-divg,stable,2000-01-01 05:00:00
39,-0.0002722727715214597,flux-divg,stable,2000-01-01 05:00:00
40,-0.0005051349577119079,flux-divg,stable,2000-01-01 05:00:00
41,-0.0005792306837250915,flux-divg,stable,2000-01-01 05:00:00
42,-0.00034871843941604037,flux-divg,stable,2000-01-01 05:00:00
43,-0.00037736267089843745,flux-divg,stable,2000-01-01 05:00:00
44,-0.0005052736770050435,flux-divg,stable,2000-01-01 05:00:00
45,-0.0008266092730172072,flux-divg,stable,2000-01-01 05:00:00
46,-0.001039410825318928,flux-divg,stable,2000-01-01 05:00:00
47,-0.0009185299083854577,flux-divg,stable,2000-01-01 05:00:00
48,-0.0010670830758010286,flux-divg,stable,2000-01-01 05:00:00
0,0.0,x-mom,neutstab,2000-01-01 05:00:00
1,0.00571766821667552,x-mom,neutstab,2000-01-01 05:00:00
2,0.04968660697340965,x-mom,neutstab,2000-01-01 05:00:00
3,-0.2748558521270752,x-mom,neutstab,2000-01-01 05:00:00
4,2.1802234649658203,x-mom,neutstab,2000-01-01 05:00:00
5,40.972015380859375,x-mom,neutstab,2000-01-01 05:00:00
6,165.1172332763672,x-mom,neutstab,2000-01-01 05:00:00
7,-74.19798278808594,x-mom,neutstab,2000-01-01 05:00:00
8,322.68084716796875,x-mom,neutstab,2000-01-01 05:00:00
9,27.20406723022461,x-mom,neutstab,2000-01-01 05:00:00
10,-181.98330688476562,x-mom,neutstab,2000-01-01 05:00:00
11,-5.299613952636719,x-mom,neutstab,2000-01-01 05:00:00
12,218.5866241455078,x-mom,neutstab,2000-01-01 05:00:00
13,13.969025611877441,x-mom,neutstab,2000-01-01 05:00:00
14,213.06105041503906,x-mom,neutstab,2000-01-01 05:00:00
15,-82.67935943603516,x-mom,neutstab,2000-01-01 05:00:00
16,-159.69606018066406,x-mom,neutstab,2000-01-01 05:00:00
17,-137.8771209716797,x-mom,neutstab,2000-01-01 05:00:00
18,-303.5124206542969,x-mom,neutstab,2000-01-01 05:00:00
19,164.07041931152344,x-mom,neutstab,2000-01-01 05:00:00
20,211.4214630126953,x-mom,neutstab,2000-01-01 05:00:00
21,225.398681640625,x-mom,neutstab,2000-01-01 05:00:00
22,236.68685913085938,x-mom,neutstab,2000-01-01 05:00:00
23,74.8135986328125,x-mom,neutstab,2000-01-01 05:00:00
24,88.31664276123047,x-mom,neutstab,2000-01-01 05:00:00
25,96.32949829101562,x-mom,neutstab,2000-01-01 05:00:00
26,-8.777139663696289,x-mom,neutstab,2000-01-01 05:00:00
27,-269.83929443359375,x-mom,neutstab,2000-01-01 05:00:00
28,-334.03082275390625,x-mom,neutstab,2000-01-01 05:00:00
29,-289.5013732910156,x-mom,neutstab,2000-01-01 05:00:00
30,35.167232513427734,x-mom,neutstab,2000-01-01 05:00:00
31,175.6029510498047,x-mom,neutstab,2000-01-01 05:00:00
32,256.22894287109375,x-mom,neutstab,2000-01-01 05:00:00
33,375.2174072265625,x-mom,neutstab,2000-01-01 05:00:00
34,189.77523803710938,x-mom,neutstab,2000-01-01 05:00:00
35,102.19830322265625,x-mom,neutstab,2000-01-01 05:00:00
36,22.855972290039062,x-mom,neutstab,2000-01-01 05:00:00
37,-104.12908172607422,x-mom,neutstab,2000-01-01 05:00:00
38,-123.48648071289062,x-mom,neutstab,2000-01-01 05:00:00
39,-184.0477752685547,x-mom,neutstab,2000-01-01 05:00:00
40,-130.4136505126953,x-mom,neutstab,2000-01-01 05:00:00
41,-96.9364242553711,x-mom,neutstab,2000-01-01 05:00:00
42,-106.95832061767578,x-mom,neutstab,2000-01-01 05:00:00
43,-76.32445526123047,x-mom,neutstab,2000-01-01 05:00:00
44,-16.597318649291992,x-mom,neutstab,2000-01-01 05:00:00
45,-12.39737319946289,x-mom,neutstab,2000-01-01 05:00:00
46,-1.2260857820510864,x-mom,neutstab,2000-01-01 05:00:00
47,-56.387916564941406,x-mom,neutstab,2000-01-01 05:00:00
48,22.03502082824707,x-mom,neutstab,2000-01-01 05:00:00
0,0.0,y-mom,neutstab,2000-01-01 05:00:00
1,0.0019443787168711424,y-mom,neutstab,2000-01-01 05:00:00
2,-0.0002938319812528789,y-mom,neutstab,2000-01-01 05:00:00
3,-0.0040512713603675365,y-mom,neutstab,2000-01-01 05:00:00
4,-0.010327259078621864,y-mom,neutstab,2000-01-01 05:00:00
5,-2.0240814685821533,y-mom,neutstab,2000-01-01 05:00:00
6,-16.249574661254883,y-mom,neutstab,2000-01-01 05:00:00
7,-4.211960792541504,y-mom,neutstab,2000-01-01 05:00:00
8,8.550810813903809,y-mom,neutstab,2000-01-01 05:00:00
9,1.8674999475479126,y-mom,neutstab,2000-01-01 05:00:00
10,11.043102264404297,y-mom,neutstab,2000-01-01 05:00:00
11,-11.774140357971191,y-mom,neutstab,2000-01-01 05:00:00
12,-16.378562927246094,y-mom,neutstab,2000-01-01 05:00:00
13,12.987234115600586,y-mom,neutstab,2000-01-01 05:00:00
14,15.650813102722168,y-mom,neutstab,2000-01-01 05:00:00
15,26.47962760925293,y-mom,neutstab,2000-01-01 05:00:00
16,-7.368648529052734,y-mom,neutstab,2000-01-01 05:00:00
17,37.75293731689453,y-mom,neutstab,2000-01-01 05:00:00
18,13.780884742736816,y-mom,neutstab,2000-01-01 05:00:00
19,12.385244369506836,y-mom,neutstab,2000-01-01 05:00:00
20,62.17964553833008,y-mom,neutstab,2000-01-01 05:00:00
21,-7.658699989318848,y-mom,neutstab,2000-01-01 05:00:00
22,-5.3651018142700195,y-mom,neutstab,2000-01-01 05:00:00
23,-14.794781684875488,y-mom,neutstab,2000-01-01 05:00:00
24,-41.73024368286133,y-mom,neutstab,2000-01-01 05:00:00
25,-7.007226943969727,y-mom,neutstab,2000-01-01 05:00:00
26,-13.58162784576416,y-mom,neutstab,2000-01-01 05:00:00
27,-8.484030723571777,y-mom,neutstab,2000-01-01 05:00:00
28,-18.66946792602539,y-mom,neutstab,2000-01-01 05:00:00
29,-21.554176330566406,y-mom,neutstab,2000-01-01 05:00:00
30,18.482141494750977,y-mom,neutstab,2000-01-01 05:00:00
31,2.431320905685425,y-mom,neutstab,2000-01-01 05:00:00
32,-3.5474579334259033,y-mom,neutstab,2000-01-01 05:00:00
33,29.20808982849121,y-mom,neutstab,2000-01-01 05:00:00
34,-19.163711547851562,y-mom,neutstab,2000-01-01 05:00:00
35,-31.12815284729004,y-mom,neutstab,2000-01-01 05:00:00
36,29.55569076538086,y-mom,neutstab,2000-01-01 05:00:00
37,20.23305892944336,y-mom,neutstab,2000-01-01 05:00:00
38,2.657865047454834,y-mom,neutstab,2000-01-01 05:00:00
39,-41.947837829589844,y-mom,neutstab,2000-01-01 05:00:00
40,-35.24640655517578,y-mom,neutstab,2000-01-01 05:00:00
41,-28.142236709594727,y-mom,neutstab,2000-01-01 05:00:00
42,23.672927856445312,y-mom,neutstab,2000-01-01 05:00:00
43,19.965543746948242,y-mom,neutstab,2000-01-01 05:00:00
44,-12.45118522644043,y-mom,neutstab,2000-01-01 05:00:00
45,-35.71044158935547,y-mom,neutstab,2000-01-01 05:00:00
46,-4.636065483093262,y-mom,neutstab,2000-01-01 05:00:00
47,8.569805145263672,y-mom,neutstab,2000-01-01 05:00:00
48,-18.968050003051758,y-mom,neutstab,2000-01-01 05:00:00
0,38.31125148338607,z-mom,neutstab,2000-01-01 05:00:00
1,75.26164952531646,z-mom,neutstab,2000-01-01 05:00:00
2,173.5170292721519,z-mom,neutstab,2000-01-01 05:00:00
3,122.36041337025317,z-mom,neutstab,2000-01-01 05:00:00
4,166.76509098101266,z-mom,neutstab,2000-01-01 05:00:00
5,185.86042325949367,z-mom,neutstab,2000-01-01 05:00:00
6,200.02440664556963,z-mom,neutstab,2000-01-01 05:00:00
7,-158.20270965189874,z-mom,neutstab,2000-01-01 05:00:00
8,-73.10466277689873,z-mom,neutstab,2000-01-01 05:00:00
9,-28.844511471518988,z-mom,neutstab,2000-01-01 05:00:00
10,102.88402887658228,z-mom,neutstab,2000-01-01 05:00:00
11,14.642236946202532,z-mom,neutstab,2000-01-01 05:00:00
12,-1.9560719936708861,z-mom,neutstab,2000-01-01 05:00:00
13,71.73699070411392,z-mom,neutstab,2000-01-01 05:00:00
14,-98.56944224683544,z-mom,neutstab,2000-01-01 05:00:00
15,-85.88349485759494,z-mom,neutstab,2000-01-01 05:00:00
16,-245.51552610759492,z-mom,neutstab,2000-01-01 05:00:00
17,-242.8378164556962,z-mom,neutstab,2000-01-01 05:00:00
18,-176.42058939873417,z-mom,neutstab,2000-01-01 05:00:00
19,-64.76400316455697,z-mom,neutstab,2000-01-01 05:00:00
20,-30.29628164556962,z-mom,neutstab,2000-01-01 05:00:00
21,0.39389339398734174,z-mom,neutstab,2000-01-01 05:00:00
22,-60.30209157436709,z-mom,neutstab,2000-01-01 05:00:00
23,-10.402768987341773,z-mom,neutstab,2000-01-01 05:00:00
24,-106.12396162974683,z-mom,neutstab,2000-01-01 05:00:00
25,-49.10030656645569,z-mom,neutstab,2000-01-01 05:00:00
26,-11.821899723101266,z-mom,neutstab,2000-01-01 05:00:00
27,-136.55739715189873,z-mom,neutstab,2000-01-01 05:00:00
28,-178.00931566455696,z-mom,neutstab,2000-01-01 05:00:00
29,-201.39998022151897,z-mom,neutstab,2000-01-01 05:00:00
30,-182.06558544303797,z-mom,neutstab,2000-01-01 05:00:00
31,-171.84430379746834,z-mom,neutstab,2000-01-01 05:00:00
32,-177.11726661392404,z-mom,neutstab,2000-01-01 05:00:00
33,-60.6826641613924,z-mom,neutstab,2000-01-01 05:00:00
34,-236.89052610759492,z-mom,neutstab,2000-01-01 05:00:00
35,-332.4857594936709,z-mom,neutstab,2000-01-01 05:00:00
36,-259.60270965189875,z-mom,neutstab,2000-01-01 05:00:00
37,-185.96285601265822,z-mom,neutstab,2000-01-01 05:00:00
38,-175.44849683544305,z-mom,neutstab,2000-01-01 05:00:00
39,-215.14944620253164,z-mom,neutstab,2000-01-01 05:00:00
40,-199.67258702531646,z-mom,neutstab,2000-01-01 05:00:00
41,-191.76554588607596,z-mom,neutstab,2000-01-01 05:00:00
42,-157.7856408227848,z-mom,neutstab,2000-01-01 05:00:00
43,-61.859162381329114,z-mom,neutstab,2000-01-01 05:00:00
44,-168.4264240506329,z-mom,neutstab,2000-01-01 05:00:00
45,-231.17761075949366,z-mom,neutstab,2000-01-01 05:00:00
46,-136.86194620253164,z-mom,neutstab,2000-01-01 05:00:00
47,-184.82308148734177,z-mom,neutstab,2000-01-01 05:00:00
48,-225.6279865506329,z-mom,neutstab,2000-01-01 05:00:00
0,0.0,x-press,neutstab,2000-01-01 05:00:00
1,-7.83073403454182e-07,x-press,neutstab,2000-01-01 05:00:00
2,-3.7561474073299905e-06,x-press,neutstab,2000-01-01 05:00:00
3,-5.389824218582362e-05,x-press,neutstab,2000-01-01 05:00:00
4,-0.000411052955314517,x-press,neutstab,2000-01-01 05:00:00
5,-0.00030096652335487306,x-press,neutstab,2000-01-01 05:00:00
6,-0.0002882103726733476,x-press,neutstab,2000-01-01 05:00:00
7,-0.0009022161248140037,x-press,neutstab,2000-01-01 05:00:00
8,8.283645001938567e-06,x-press,neutstab,2000-01-01 05:00:00
9,-1.0057864301415975e-06,x-press,neutstab,2000-01-01 05:00:00
10,8.19501728983596e-05,x-press,neutstab,2000-01-01 05:00:00
11,0.00020161909924354404,x-press,neutstab,2000-01-01 05:00:00
12,0.0002726817619986832,x-press,neutstab,2000-01-01 05:00:00
13,0.00021608038514386863,x-press,neutstab,2000-01-01 05:00:00
14,3.1022722396301106e-05,x-press,neutstab,2000-01-01 05:00:00
15,8.662028994876891e-05,x-press,neutstab,2000-01-01 05:00:00
16,0.0001585660211276263,x-press,neutstab,2000-01-01 05:00:00
17,0.0009199673077091575,x-press,neutstab,2000-01-01 05:00:00
18,0.0007794852717779577,x-press,neutstab,2000-01-01 05:00:00
19,0.0004893069271929562,x-press,neutstab,2000-01-01 05:00:00
20,0.00038758126902393997,x-press,neutstab,2000-01-01 05:00:00
21,0.00047915722825564444,x-press,neutstab,2000-01-01 05:00:00
22,4.928217822453007e-05,x-press,neutstab,2000-01-01 05:00:00
23,-0.0001156083308160305,x-press,neutstab,2000-01-01 05:00:00
24,-0.00020203160238452256,x-press,neutstab,2000-01-01 05:00:00
25,-0.0003648275160230696,x-press,neutstab,2000-01-01 05:00:00
26,-0.00028719453257508576,x-press,neutstab,2000-01-01 05:00:00
27,-0.0002464581048116088,x-press,neutstab,2000-01-01 05:00:00
28,-0.0010259879054501653,x-press,neutstab,2000-01-01 05:00:00
29,-0.0005941371782682836,x-press,neutstab,2000-01-01 05:00:00
30,-0.0002923940774053335,x-press,neutstab,2000-01-01 05:00:00
31,0.0003483947366476059,x-press,neutstab,2000-01-01 05:00:00
32,2.6010080546257086e-05,x-press,neutstab,2000-01-01 05:00:00
33,-0.00018894436652772129,x-press,neutstab,2000-01-01 05:00:00
34,3.23928652505856e-05,x-press,neutstab,2000-01-01 05:00:00
35,0.00041379258618690073,x-press,neutstab,2000-01-01 05:00:00
36,0.0004558854561764747,x-press,neutstab,2000-01-01 05:00:00
37,0.000208281897357665,x-press,neutstab,2000-01-01 05:00:00
38,-7.126000127755105e-05,x-press,neutstab,2000-01-01 05:00:00
39,0.0006197461043484509,x-press,neutstab,2000-01-01 05:00:00
40,0.0003051352105103433,x-press,neutstab,2000-01-01 05:00:00
41,0.0005697198794223368,x-press,neutstab,2000-01-01 05:00:00
42,0.00038596693775616586,x-press,neutstab,2000-01-01 05:00:00
43,0.001029999228194356,x-press,neutstab,2000-01-01 05:00:00
44,0.00036106814513914287,x-press,neutstab,2000-01-01 05:00:00
45,0.0004374801355879754,x-press,neutstab,2000-01-01 05:00:00
46,-6.610473792534322e-05,x-press,neutstab,2000-01-01 05:00:00
47,4.3226300476817414e-05,x-press,neutstab,2000-01-01 05:00:00
48,8.582419104641303e-05,x-press,neutstab,2000-01-01 05:00:00
0,-0.0,flux-divg,neutstab,2000-01-01 05:00:00
1,4.739970919452219e-06,flux-divg,neutstab,2000-01-01 05:00:00
2,0.0006506715953199174,flux-divg,neutstab,2000-01-01 05:00:00
3,0.0007894739155829704,flux-divg,neutstab,2000-01-01 05:00:00
4,0.0008901770869387855,flux-divg,neutstab,2000-01-01 05:00:00
5,0.0011653521651255937,flux-divg,neutstab,2000-01-01 05:00:00
6,0.001093408713038964,flux-divg,neutstab,2000-01-01 05:00:00
7,0.0005352012074144579,flux-divg,neutstab,2000-01-01 05:00:00
8,-0.00023712922687771964,flux-divg,neutstab,2000-01-01 05:00:00
9,-0.0005363485910922665,flux-divg,neutstab,2000-01-01 05:00:00
10,-0.0005875283079509495,flux-divg,neutstab,2000-01-01 05:00:00
11,-0.0016187565245809434,flux-divg,neutstab,2000-01-01 05:00:00
12,-0.0011367863193946551,flux-divg,neutstab,2000-01-01 05:00:00
13,0.00022651015655903884,flux-divg,neutstab,2000-01-01 05:00:00
14,-0.00045964148219627667,flux-divg,neutstab,2000-01-01 05:00:00
15,-0.00034532230811783025,flux-divg,neutstab,2000-01-01 05:00:00
16,-0.0002485356893418711,flux-divg,neutstab,2000-01-01 05:00:00
17,-0.0006557846494264244,flux-divg,neutstab,2000-01-01 05:00:00
18,-0.0005320346571523933,flux-divg,neutstab,2000-01-01 05:00:00
19,-0.0004885311735129054,flux-divg,neutstab,2000-01-01 05:00:00
20,-0.0013053588577463659,flux-divg,neutstab,2000-01-01 05:00:00
21,-0.0004350149709967119,flux-divg,neutstab,2000-01-01 05:00:00
22,-0.00046926760902887653,flux-divg,neutstab,2000-01-01 05:00:00
23,7.748470644407623e-05,flux-divg,neutstab,2000-01-01 05:00:00
24,0.000410554206944719,flux-divg,neutstab,2000-01-01 05:00:00
25,2.965196826789951e-05,flux-divg,neutstab,2000-01-01 05:00:00
26,0.0001287859605233881,flux-divg,neutstab,2000-01-01 05:00:00
27,0.00039656304854380895,flux-divg,neutstab,2000-01-01 05:00:00
28,-8.441053945806986e-05,flux-divg,neutstab,2000-01-01 05:00:00
29,-4.278156135655653e-05,flux-divg,neutstab,2000-01-01 05:00:00
30,-0.0002555207844021954,flux-divg,neutstab,2000-01-01 05:00:00
31,-0.0003559856076783769,flux-divg,neutstab,2000-01-01 05:00:00
32,-0.0009073567334911492,flux-divg,neutstab,2000-01-01 05:00:00
33,0.00016332719440701648,flux-divg,neutstab,2000-01-01 05:00:00
34,0.00042827607360067254,flux-divg,neutstab,2000-01-01 05:00:00
35,-0.0003292200440998321,flux-divg,neutstab,2000-01-01 05:00:00
36,1.0646988108188093e-05,flux-divg,neutstab,2000-01-01 05:00:00
37,-0.0006129378770272945,flux-divg,neutstab,2000-01-01 05:00:00
38,-0.00013094692181937306,flux-divg,neutstab,2000-01-01 05:00:00
39,0.00013495787029024943,flux-divg,neutstab,2000-01-01 05:00:00
40,4.360140643542332e-05,flux-divg,neutstab,2000-01-01 05:00:00
41,0.00017436823977699768,flux-divg,neutstab,2000-01-01 05:00:00
42,-0.0010810880463032783,flux-divg,neutstab,2000-01-01 05:00:00
43,-0.00037599398456042324,flux-divg,neutstab,2000-01-01 05:00:00
44,-0.00011454002283796471,flux-divg,neutstab,2000-01-01 05:00:00
45,-0.0003693574350091473,flux-divg,neutstab,2000-01-01 05:00:00
46,-0.0002696209716796876,flux-divg,neutstab,2000-01-01 05:00:00
47,-0.0006444237972211235,flux-divg,neutstab,2000-01-01 05:00:00
48,-0.0011637926898425137,flux-divg,neutstab,2000-01-01 05:00:00
0,0.0,x-mom,logT,2000-01-01 05:00:00
1,-0.009090336039662361,x-mom,logT,2000-01-01 05:00:00
2,-0.2033916860818863,x-mom,logT,2000-01-01 05:00:00
3,-0.13104677200317383,x-mom,logT,2000-01-01 05:00:00
4,-2.2587735652923584,x-mom,logT,2000-01-01 05:00:00
5,-7.793742656707764,x-mom,logT,2000-01-01 05:00:00
6,-29.61029624938965,x-mom,logT,2000-01-01 05:00:00
7,-74.02995300292969,x-mom,logT,2000-01-01 05:00:00
8,-81.94395446777344,x-mom,logT,2000-01-01 05:00:00
9,25.9674072265625,x-mom,logT,2000-01-01 05:00:00
10,35.45909881591797,x-mom,logT,2000-01-01 05:00:00
11,182.49468994140625,x-mom,logT,2000-01-01 05:00:00
12,198.97096252441406,x-mom,logT,2000-01-01 05:00:00
13,36.425262451171875,x-mom,logT,2000-01-01 05:00:00
14,-40.91732406616211,x-mom,logT,2000-01-01 05:00:00
15,-66.74457550048828,x-mom,logT,2000-01-01 05:00:00
16,-194.69180297851562,x-mom,logT,2000-01-01 05:00:00
17,-275.561767578125,x-mom,logT,2000-01-01 05:00:00
18,-31.746225357055664,x-mom,logT,2000-01-01 05:00:00
19,124.57536315917969,x-mom,logT,2000-01-01 05:00:00
20,146.9944305419922,x-mom,logT,2000-01-01 05:00:00
21,124.52423858642578,x-mom,logT,2000-01-01 05:00:00
22,68.51978302001953,x-mom,logT,2000-01-01 05:00:00
23,82.60480499267578,x-mom,logT,2000-01-01 05:00:00
24,28.60467529296875,x-mom,logT,2000-01-01 05:00:00
25,20.81362533569336,x-mom,logT,2000-01-01 05:00:00
26,192.38441467285156,x-mom,logT,2000-01-01 05:00:00
27,117.930908203125,x-mom,logT,2000-01-01 05:00:00
28,113.09227752685547,x-mom,logT,2000-01-01 05:00:00
29,138.46212768554688,x-mom,logT,2000-01-01 05:00:00
30,182.66375732421875,x-mom,logT,2000-01-01 05:00:00
31,65.31324005126953,x-mom,logT,2000-01-01 05:00:00
32,-74.23597717285156,x-mom,logT,2000-01-01 05:00:00
33,-43.13999938964844,x-mom,logT,2000-01-01 05:00:00
34,55.76353454589844,x-mom,logT,2000-01-01 05:00:00
35,3.067692756652832,x-mom,logT,2000-01-01 05:00:00
36,251.93582153320312,x-mom,logT,2000-01-01 05:00:00
37,276.98590087890625,x-mom,logT,2000-01-01 05:00:00
38,-277.94146728515625,x-mom,logT,2000-01-01 05:00:00
39,-412.6435852050781,x-mom,logT,2000-01-01 05:00:00
40,-460.283935546875,x-mom,logT,2000-01-01 05:00:00
41,-396.8894958496094,x-mom,logT,2000-01-01 05:00:00
42,39.302757263183594,x-mom,logT,2000-01-01 05:00:00
43,-36.23722457885742,x-mom,logT,2000-01-01 05:00:00
44,290.1024169921875,x-mom,logT,2000-01-01 05:00:00
45,305.086669921875,x-mom,logT,2000-01-01 05:00:00
46,541.6035766601562,x-mom,logT,2000-01-01 05:00:00
47,506.259765625,x-mom,logT,2000-01-01 05:00:00
48,304.8245849609375,x-mom,logT,2000-01-01 05:00:00
0,0.0,y-mom,logT,2000-01-01 05:00:00
1,0.005524654407054186,y-mom,logT,2000-01-01 05:00:00
2,0.009282980114221573,y-mom,logT,2000-01-01 05:00:00
3,0.010766870342195034,y-mom,logT,2000-01-01 05:00:00
4,0.01583375781774521,y-mom,logT,2000-01-01 05:00:00
5,0.021478651091456413,y-mom,logT,2000-01-01 05:00:00
6,0.024463992565870285,y-mom,logT,2000-01-01 05:00:00
7,0.009081285446882248,y-mom,logT,2000-01-01 05:00:00
8,0.6969720721244812,y-mom,logT,2000-01-01 05:00:00
9,-1.4316513538360596,y-mom,logT,2000-01-01 05:00:00
10,-1.1069746017456055,y-mom,logT,2000-01-01 05:00:00
11,5.615372180938721,y-mom,logT,2000-01-01 05:00:00
12,3.1084413528442383,y-mom,logT,2000-01-01 05:00:00
13,-0.2125876396894455,y-mom,logT,2000-01-01 05:00:00
14,21.28916358947754,y-mom,logT,2000-01-01 05:00:00
15,-47.09741973876953,y-mom,logT,2000-01-01 05:00:00
16,-9.523691177368164,y-mom,logT,2000-01-01 05:00:00
17,13.99837875366211,y-mom,logT,2000-01-01 05:00:00
18,1.1500812768936157,y-mom,logT,2000-01-01 05:00:00
19,-4.995524883270264,y-mom,logT,2000-01-01 05:00:00
20,-22.13865089416504,y-mom,logT,2000-01-01 05:00:00
21,-41.57204055786133,y-mom,logT,2000-01-01 05:00:00
22,27.26641845703125,y-mom,logT,2000-01-01 05:00:00
23,21.25299644470215,y-mom,logT,2000-01-01 05:00:00
24,-80.31742095947266,y-mom,logT,2000-01-01 05:00:00
25,31.42916488647461,y-mom,logT,2000-01-01 05:00:00
26,35.791046142578125,y-mom,logT,2000-01-01 05:00:00
27,-20.05681800842285,y-mom,logT,2000-01-01 05:00:00
28,7.662271499633789,y-mom,logT,2000-01-01 05:00:00
29,8.476357460021973,y-mom,logT,2000-01-01 05:00:00
30,26.38111686706543,y-mom,logT,2000-01-01 05:00:00
31,80.94403076171875,y-mom,logT,2000-01-01 05:00:00
32,-67.905517578125,y-mom,logT,2000-01-01 05:00:00
33,-65.18229675292969,y-mom,logT,2000-01-01 05:00:00
34,-24.209867477416992,y-mom,logT,2000-01-01 05:00:00
35,9.304742813110352,y-mom,logT,2000-01-01 05:00:00
36,-1.4176247119903564,y-mom,logT,2000-01-01 05:00:00
37,-31.48401641845703,y-mom,logT,2000-01-01 05:00:00
38,50.52245330810547,y-mom,logT,2000-01-01 05:00:00
39,6.300146579742432,y-mom,logT,2000-01-01 05:00:00
40,-50.1357421875,y-mom,logT,2000-01-01 05:00:00
41,-29.158287048339844,y-mom,logT,2000-01-01 05:00:00
42,5.0674729347229,y-mom,logT,2000-01-01 05:00:00
43,-76.97173309326172,y-mom,logT,2000-01-01 05:00:00
44,19.323793411254883,y-mom,logT,2000-01-01 05:00:00
45,56.51380157470703,y-mom,logT,2000-01-01 05:00:00
46,-10.453449249267578,y-mom,logT,2000-01-01 05:00:00
47,-64.60709381103516,y-mom,logT,2000-01-01 05:00:00
48,-44.35044479370117,y-mom,logT,2000-01-01 05:00:00
0,39.780132515822785,z-mom,logT,2000-01-01 05:00:00
1,129.0257713607595,z-mom,logT,2000-01-01 05:00:00
2,151.83286194620254,z-mom,logT,2000-01-01 05:00:00
3,192.0842563291139,z-mom,logT,2000-01-01 05:00:00
4,258.8060917721519,z-mom,logT,2000-01-01 05:00:00
5,279.5104430379747,z-mom,logT,2000-01-01 05:00:00
6,316.6874208860759,z-mom,logT,2000-01-01 05:00:00
7,323.65901898734177,z-mom,logT,2000-01-01 05:00:00
8,362.6776107594937,z-mom,logT,2000-01-01 05:00:00
9,300.00787183544304,z-mom,logT,2000-01-01 05:00:00
10,363.10403481012656,z-mom,logT,2000-01-01 05:00:00
11,278.37331882911394,z-mom,logT,2000-01-01 05:00:00
12,356.55791139240506,z-mom,logT,2000-01-01 05:00:00
13,314.93777689873417,z-mom,logT,2000-01-01 05:00:00
14,324.0145174050633,z-mom,logT,2000-01-01 05:00:00
15,72.3038320806962,z-mom,logT,2000-01-01 05:00:00
16,60.17874307753164,z-mom,logT,2000-01-01 05:00:00
17,114.36163963607595,z-mom,logT,2000-01-01 05:00:00
18,95.64611352848101,z-mom,logT,2000-01-01 05:00:00
19,200.68196202531647,z-mom,logT,2000-01-01 05:00:00
20,245.64711234177216,z-mom,logT,2000-01-01 05:00:00
21,175.79384889240507,z-mom,logT,2000-01-01 05:00:00
22,271.91754351265826,z-mom,logT,2000-01-01 05:00:00
23,292.4434533227848,z-mom,logT,2000-01-01 05:00:00
24,297.3654865506329,z-mom,logT,2000-01-01 05:00:00
25,340.0731803797468,z-mom,logT,2000-01-01 05:00:00
26,261.7550237341772,z-mom,logT,2000-01-01 05:00:00
27,205.6278085443038,z-mom,logT,2000-01-01 05:00:00
28,192.61333069620252,z-mom,logT,2000-01-01 05:00:00
29,256.346954113924,z-mom,logT,2000-01-01 05:00:00
30,277.2583069620253,z-mom,logT,2000-01-01 05:00:00
31,143.03666930379748,z-mom,logT,2000-01-01 05:00:00
32,-79.70591376582279,z-mom,logT,2000-01-01 05:00:00
33,-135.4440862341772,z-mom,logT,2000-01-01 05:00:00
34,-191.2902887658228,z-mom,logT,2000-01-01 05:00:00
35,-243.29230617088606,z-mom,logT,2000-01-01 05:00:00
36,-122.48865704113923,z-mom,logT,2000-01-01 05:00:00
37,-95.73583860759494,z-mom,logT,2000-01-01 05:00:00
38,23.34324564873418,z-mom,logT,2000-01-01 05:00:00
39,26.602457476265823,z-mom,logT,2000-01-01 05:00:00
40,54.47369462025316,z-mom,logT,2000-01-01 05:00:00
41,-118.54826938291139,z-mom,logT,2000-01-01 05:00:00
42,-146.7054588607595,z-mom,logT,2000-01-01 05:00:00
43,-323.24145569620254,z-mom,logT,2000-01-01 05:00:00
44,-300.54584651898733,z-mom,logT,2000-01-01 05:00:00
45,-115.05003955696202,z-mom,logT,2000-01-01 05:00:00
46,101.52994462025316,z-mom,logT,2000-01-01 05:00:00
47,89.3600079113924,z-mom,logT,2000-01-01 05:00:00
48,100.3732792721519,z-mom,logT,2000-01-01 05:00:00
0,0.0,x-press,logT,2000-01-01 05:00:00
1,2.0252460330993927e-07,x-press,logT,2000-01-01 05:00:00
2,-3.4513837476879416e-07,x-press,logT,2000-01-01 05:00:00
3,1.1337469913996756e-06,x-press,logT,2000-01-01 05:00:00
4,6.179930664984568e-07,x-press,logT,2000-01-01 05:00:00
5,4.3334398469596636e-06,x-press,logT,2000-01-01 05:00:00
6,9.766113180376124e-06,x-press,logT,2000-01-01 05:00:00
7,6.26829860266298e-05,x-press,logT,2000-01-01 05:00:00
8,7.047236431390047e-05,x-press,logT,2000-01-01 05:00:00
9,6.14645832683891e-05,x-press,logT,2000-01-01 05:00:00
10,0.0002166983758797869,x-press,logT,2000-01-01 05:00:00
11,0.00040853378595784307,x-press,logT,2000-01-01 05:00:00
12,0.0003510946116875857,x-press,logT,2000-01-01 05:00:00
13,0.00018073136743623763,x-press,logT,2000-01-01 05:00:00
14,-0.00026854174211621284,x-press,logT,2000-01-01 05:00:00
15,-0.0003620237985160202,x-press,logT,2000-01-01 05:00:00
16,-3.4502441849326715e-05,x-press,logT,2000-01-01 05:00:00
17,-0.0002035479701589793,x-press,logT,2000-01-01 05:00:00
18,-0.00025150328292511404,x-press,logT,2000-01-01 05:00:00
19,-0.0004249454359523952,x-press,logT,2000-01-01 05:00:00
20,-0.00037372790393419564,x-press,logT,2000-01-01 05:00:00
21,-0.00010187084262724966,x-press,logT,2000-01-01 05:00:00
22,-4.47995807917323e-06,x-press,logT,2000-01-01 05:00:00
23,-0.00016498037439305335,x-press,logT,2000-01-01 05:00:00
24,0.00016125287220347673,x-press,logT,2000-01-01 05:00:00
25,0.0002466430305503309,x-press,logT,2000-01-01 05:00:00
26,0.000664831546600908,x-press,logT,2000-01-01 05:00:00
27,0.0005119189736433327,x-press,logT,2000-01-01 05:00:00
28,-0.00018458650447428226,x-press,logT,2000-01-01 05:00:00
29,-3.8808552744740155e-06,x-press,logT,2000-01-01 05:00:00
30,-8.315196464536712e-05,x-press,logT,2000-01-01 05:00:00
31,0.00016765324107836932,x-press,logT,2000-01-01 05:00:00
32,9.922760364133865e-05,x-press,logT,2000-01-01 05:00:00
33,-0.00013095102622173727,x-press,logT,2000-01-01 05:00:00
34,0.0001883364748209715,x-press,logT,2000-01-01 05:00:00
35,-0.00042871429468505085,x-press,logT,2000-01-01 05:00:00
36,-0.0009751464240252972,x-press,logT,2000-01-01 05:00:00
37,-0.00065422966144979,x-press,logT,2000-01-01 05:00:00
38,-0.00039897116948850453,x-press,logT,2000-01-01 05:00:00
39,-0.0004668947367463261,x-press,logT,2000-01-01 05:00:00
40,-0.0009272444876842201,x-press,logT,2000-01-01 05:00:00
41,-0.0002418990188743919,x-press,logT,2000-01-01 05:00:00
42,-0.0006724522681906819,x-press,logT,2000-01-01 05:00:00
43,-0.0008530960767529905,x-press,logT,2000-01-01 05:00:00
44,-0.0005082937423139811,x-press,logT,2000-01-01 05:00:00
45,0.00019687929307110608,x-press,logT,2000-01-01 05:00:00
46,-0.0007879414479248226,x-press,logT,2000-01-01 05:00:00
47,-0.0005690804100595415,x-press,logT,2000-01-01 05:00:00
48,0.00015240268839988858,x-press,logT,2000-01-01 05:00:00
0,-0.0,flux-divg,logT,2000-01-01 05:00:00
1,-1.4579783572426342e-05,flux-divg,logT,2000-01-01 05:00:00
2,-3.07029608231556e-05,flux-divg,logT,2000-01-01 05:00:00
3,0.00012946576951425282,flux-divg,logT,2000-01-01 05:00:00
4,0.00033156624757790863,flux-divg,logT,2000-01-01 05:00:00
5,0.00030070675717124457,flux-divg,logT,2000-01-01 05:00:00
6,0.00021430816264092167,flux-divg,logT,2000-01-01 05:00:00
7,0.00014038311342649823,flux-divg,logT,2000-01-01 05:00:00
8,0.0006629060537603837,flux-divg,logT,2000-01-01 05:00:00
9,0.00039766907897176605,flux-divg,logT,2000-01-01 05:00:00
10,7.2079699552514144e-06,flux-divg,logT,2000-01-01 05:00:00
11,-0.0001660005864010583,flux-divg,logT,2000-01-01 05:00:00
12,-0.00017769300243522545,flux-divg,logT,2000-01-01 05:00:00
13,-0.00023421123649500596,flux-divg,logT,2000-01-01 05:00:00
14,-0.0004989919503127474,flux-divg,logT,2000-01-01 05:00:00
15,-0.0010621111674248417,flux-divg,logT,2000-01-01 05:00:00
16,-0.0011920270354838314,flux-divg,logT,2000-01-01 05:00:00
17,-0.00132271025645582,flux-divg,logT,2000-01-01 05:00:00
18,-0.001434233046905904,flux-divg,logT,2000-01-01 05:00:00
19,-0.0005950398196449762,flux-divg,logT,2000-01-01 05:00:00
20,-0.0004976326046714301,flux-divg,logT,2000-01-01 05:00:00
21,-0.00034229693835294663,flux-divg,logT,2000-01-01 05:00:00
22,-0.00010874373810200755,flux-divg,logT,2000-01-01 05:00:00
23,-0.00030285099077828327,flux-divg,logT,2000-01-01 05:00:00
24,-0.000584823569768592,flux-divg,logT,2000-01-01 05:00:00
25,-0.0004854623644865015,flux-divg,logT,2000-01-01 05:00:00
26,-0.0002810188235512263,flux-divg,logT,2000-01-01 05:00:00
27,-0.0003195487261422074,flux-divg,logT,2000-01-01 05:00:00
28,8.842022087000556e-05,flux-divg,logT,2000-01-01 05:00:00
29,-9.69689014289954e-05,flux-divg,logT,2000-01-01 05:00:00
30,0.00014938161729257304,flux-divg,logT,2000-01-01 05:00:00
31,1.1091903493374299e-05,flux-divg,logT,2000-01-01 05:00:00
32,-0.000517849741102774,flux-divg,logT,2000-01-01 05:00:00
33,-0.0006014679283431816,flux-divg,logT,2000-01-01 05:00:00
34,-0.0010009891442407535,flux-divg,logT,2000-01-01 05:00:00
35,-0.0008003759070287777,flux-divg,logT,2000-01-01 05:00:00
36,0.00019725231701814706,flux-divg,logT,2000-01-01 05:00:00
37,0.00032819742323477065,flux-divg,logT,2000-01-01 05:00:00
38,-0.00010635021740877182,flux-divg,logT,2000-01-01 05:00:00
39,0.0005417521107347705,flux-divg,logT,2000-01-01 05:00:00
40,0.00034139691509777983,flux-divg,logT,2000-01-01 05:00:00
41,0.00020042465016811706,flux-divg,logT,2000-01-01 05:00:00
42,0.0006713250268863722,flux-divg,logT,2000-01-01 05:00:00
43,-0.0007903666822216184,flux-divg,logT,2000-01-01 05:00:00
44,-0.0006124216818507713,flux-divg,logT,2000-01-01 05:00:00
45,0.0007879063009913962,flux-divg,logT,2000-01-01 05:00:00
46,0.001065584786330598,flux-divg,logT,2000-01-01 05:00:00
47,-0.0005857870676547661,flux-divg,logT,2000-01-01 05:00:00
48,-0.001105538214188588,flux-divg,logT,2000-01-01 05:00:00
0,0.0,x-mom,low_step,2000-01-01 05:00:00
1,0.015667196363210678,x-mom,low_step,2000-01-01 05:00:00
2,0.04511067271232605,x-mom,low_step,2000-01-01 05:00:00
3,0.05388612672686577,x-mom,low_step,2000-01-01 05:00:00
4,-0.14953087270259857,x-mom,low_step,2000-01-01 05:00:00
5,-1.016113519668579,x-mom,low_step,2000-01-01 05:00:00
6,-67.662841796875,x-mom,low_step,2000-01-01 05:00:00
7,59.16366958618164,x-mom,low_step,2000-01-01 05:00:00
8,85.07673645019531,x-mom,low_step,2000-01-01 05:00:00
9,16.904682159423828,x-mom,low_step,2000-01-01 05:00:00
10,-204.57333374023438,x-mom,low_step,2000-01-01 05:00:00
11,-138.51829528808594,x-mom,low_step,2000-01-01 05:00:00
12,-42.42267608642578,x-mom,low_step,2000-01-01 05:00:00
13,102.8099365234375,x-mom,low_step,2000-01-01 05:00:00
14,-173.62307739257812,x-mom,low_step,2000-01-01 05:00:00
15,-90.25850677490234,x-mom,low_step,2000-01-01 05:00:00
16,-30.0609130859375,x-mom,low_step,2000-01-01 05:00:00
17,-108.57186889648438,x-mom,low_step,2000-01-01 05:00:00
18,-46.21214294433594,x-mom,low_step,2000-01-01 05:00:00
19,-122.27244567871094,x-mom,low_step,2000-01-01 05:00:00
20,-51.08380889892578,x-mom,low_step,2000-01-01 05:00:00
21,-8.347225189208984,x-mom,low_step,2000-01-01 05:00:00
22,23.804916381835938,x-mom,low_step,2000-01-01 05:00:00
23,128.7349395751953,x-mom,low_step,2000-01-01 05:00:00
24,48.3014030456543,x-mom,low_step,2000-01-01 05:00:00
25,-4.417520523071289,x-mom,low_step,2000-01-01 05:00:00
26,4.030139446258545,x-mom,low_step,2000-01-01 05:00:00
27,-20.51079750061035,x-mom,low_step,2000-01-01 05:00:00
28,-27.82859992980957,x-mom,low_step,2000-01-01 05:00:00
29,-51.37637710571289,x-mom,low_step,2000-01-01 05:00:00
30,78.6197280883789,x-mom,low_step,2000-01-01 05:00:00
31,-18.81218719482422,x-mom,low_step,2000-01-01 05:00:00
32,-85.40721130371094,x-mom,low_step,2000-01-01 05:00:00
33,-85.19715118408203,x-mom,low_step,2000-01-01 05:00:00
34,-12.468632698059082,x-mom,low_step,2000-01-01 05:00:00
35,-129.89691162109375,x-mom,low_step,2000-01-01 05:00:00
36,82.3890380859375,x-mom,low_step,2000-01-01 05:00:00
37,56.849403381347656,x-mom,low_step,2000-01-01 05:00:00
38,-103.66169738769531,x-mom,low_step,2000-01-01 05:00:00
39,-0.5571470856666565,x-mom,low_step,2000-01-01 05:00:00
40,73.75301361083984,x-mom,low_step,2000-01-01 05:00:00
41,108.25137329101562,x-mom,low_step,2000-01-01 05:00:00
42,102.0177993774414,x-mom,low_step,2000-01-01 05:00:00
43,-237.87635803222656,x-mom,low_step,2000-01-01 05:00:00
44,-482.84149169921875,x-mom,low_step,2000-01-01 05:00:00
45,-101.06843566894531,x-mom,low_step,2000-01-01 05:00:00
46,38.071990966796875,x-mom,low_step,2000-01-01 05:00:00
47,153.2947235107422,x-mom,low_step,2000-01-01 05:00:00
48,-38.25178527832031,x-mom,low_step,2000-01-01 05:00:00
0,0.0,y-mom,low_step,2000-01-01 05:00:00
1,0.00235013198107481,y-mom,low_step,2000-01-01 05:00:00
2,-0.0006623514927923679,y-mom,low_step,2000-01-01 05:00:00
3,-0.009731661528348923,y-mom,low_step,2000-01-01 05:00:00
4,0.055093780159950256,y-mom,low_step,2000-01-01 05:00:00
5,-1.6069371700286865,y-mom,low_step,2000-01-01 05:00:00
6,4.6346330642700195,y-mom,low_step,2000-01-01 05:00:00
7,7.120569705963135,y-mom,low_step,2000-01-01 05:00:00
8,-3.104492664337158,y-mom,low_step,2000-01-01 05:00:00
9,3.7239608764648438,y-mom,low_step,2000-01-01 05:00:00
10,-5.5990447998046875,y-mom,low_step,2000-01-01 05:00:00
11,2.099285364151001,y-mom,low_step,2000-01-01 05:00:00
12,0.8678911328315735,y-mom,low_step,2000-01-01 05:00:00
13,11.003267288208008,y-mom,low_step,2000-01-01 05:00:00
14,13.689691543579102,y-mom,low_step,2000-01-01 05:00:00
15,17.2939453125,y-mom,low_step,2000-01-01 05:00:00
16,3.2239298820495605,y-mom,low_step,2000-01-01 05:00:00
17,-4.804965019226074,y-mom,low_step,2000-01-01 05:00:00
18,-1.0716129541397095,y-mom,low_step,2000-01-01 05:00:00
19,8.708105087280273,y-mom,low_step,2000-01-01 05:00:00
20,-7.183993339538574,y-mom,low_step,2000-01-01 05:00:00
21,-1.9668266773223877,y-mom,low_step,2000-01-01 05:00:00
22,8.144166946411133,y-mom,low_step,2000-01-01 05:00:00
23,2.755842924118042,y-mom,low_step,2000-01-01 05:00:00
24,5.658428192138672,y-mom,low_step,2000-01-01 05:00:00
25,8.047089576721191,y-mom,low_step,2000-01-01 05:00:00
26,6.740272521972656,y-mom,low_step,2000-01-01 05:00:00
27,11.47793960571289,y-mom,low_step,2000-01-01 05:00:00
28,-7.792433261871338,y-mom,low_step,2000-01-01 05:00:00
29,2.2435989379882812,y-mom,low_step,2000-01-01 05:00:00
30,13.017995834350586,y-mom,low_step,2000-01-01 05:00:00
31,28.766481399536133,y-mom,low_step,2000-01-01 05:00:00
32,-10.06668758392334,y-mom,low_step,2000-01-01 05:00:00
33,-0.6156412363052368,y-mom,low_step,2000-01-01 05:00:00
34,2.166102409362793,y-mom,low_step,2000-01-01 05:00:00
35,10.675058364868164,y-mom,low_step,2000-01-01 05:00:00
36,16.752574920654297,y-mom,low_step,2000-01-01 05:00:00
37,-20.030200958251953,y-mom,low_step,2000-01-01 05:00:00
38,4.177560329437256,y-mom,low_step,2000-01-01 05:00:00
39,27.978500366210938,y-mom,low_step,2000-01-01 05:00:00
40,-10.0018892288208,y-mom,low_step,2000-01-01 05:00:00
41,-9.328453063964844,y-mom,low_step,2000-01-01 05:00:00
42,-2.4244384765625,y-mom,low_step,2000-01-01 05:00:00
43,-15.981565475463867,y-mom,low_step,2000-01-01 05:00:00
44,-9.659684181213379,y-mom,low_step,2000-01-01 05:00:00
45,17.806726455688477,y-mom,low_step,2000-01-01 05:00:00
46,-10.869426727294922,y-mom,low_step,2000-01-01 05:00:00
47,-34.33134078979492,y-mom,low_step,2000-01-01 05:00:00
48,-32.98408126831055,y-mom,low_step,2000-01-01 05:00:00
0,37.9506230221519,z-mom,low_step,2000-01-01 05:00:00
1,76.77177610759493,z-mom,low_step,2000-01-01 05:00:00
2,-35.96307852056962,z-mom,low_step,2000-01-01 05:00:00
3,83.83651107594936,z-mom,low_step,2000-01-01 05:00:00
4,199.99206882911392,z-mom,low_step,2000-01-01 05:00:00
5,115.94521360759494,z-mom,low_step,2000-01-01 05:00:00
6,-172.21439873417722,z-mom,low_step,2000-01-01 05:00:00
7,-335.8617484177215,z-mom,low_step,2000-01-01 05:00:00
8,-401.57587025316457,z-mom,low_step,2000-01-01 05:00:00
9,-288.9180181962025,z-mom,low_step,2000-01-01 05:00:00
10,-15.049632861946202,z-mom,low_step,2000-01-01 05:00:00
11,190.5510878164557,z-mom,low_step,2000-01-01 05:00:00
12,-211.19776503164556,z-mom,low_step,2000-01-01 05:00:00
13,-193.16918512658228,z-mom,low_step,2000-01-01 05:00:00
14,-273.8891613924051,z-mom,low_step,2000-01-01 05:00:00
15,-386.8980617088608,z-mom,low_step,2000-01-01 05:00:00
16,-411.01036392405064,z-mom,low_step,2000-01-01 05:00:00
17,-423.8594936708861,z-mom,low_step,2000-01-01 05:00:00
18,-251.65460838607595,z-mom,low_step,2000-01-01 05:00:00
19,-449.1507911392405,z-mom,low_step,2000-01-01 05:00:00
20,-211.42519778481014,z-mom,low_step,2000-01-01 05:00:00
21,-350.02753164556964,z-mom,low_step,2000-01-01 05:00:00
22,-251.20664556962026,z-mom,low_step,2000-01-01 05:00:00
23,-147.42929193037975,z-mom,low_step,2000-01-01 05:00:00
24,-220.11823575949367,z-mom,low_step,2000-01-01 05:00:00
25,-76.14862539556962,z-mom,low_step,2000-01-01 05:00:00
26,-157.79804193037975,z-mom,low_step,2000-01-01 05:00:00
27,48.455251186708864,z-mom,low_step,2000-01-01 05:00:00
28,84.50679390822785,z-mom,low_step,2000-01-01 05:00:00
29,103.67006526898734,z-mom,low_step,2000-01-01 05:00:00
30,202.3584256329114,z-mom,low_step,2000-01-01 05:00:00
31,60.53190268987342,z-mom,low_step,2000-01-01 05:00:00
32,48.063291139240505,z-mom,low_step,2000-01-01 05:00:00
33,156.34240506329115,z-mom,low_step,2000-01-01 05:00:00
34,-44.73251582278481,z-mom,low_step,2000-01-01 05:00:00
35,214.16669303797468,z-mom,low_step,2000-01-01 05:00:00
36,-93.40373813291139,z-mom,low_step,2000-01-01 05:00:00
37,72.9570411392405,z-mom,low_step,2000-01-01 05:00:00
38,63.56314280063291,z-mom,low_step,2000-01-01 05:00:00
39,-90.29916930379747,z-mom,low_step,2000-01-01 05:00:00
40,-304.72227056962026,z-mom,low_step,2000-01-01 05:00:00
41,-107.32435719936709,z-mom,low_step,2000-01-01 05:00:00
42,125.70414359177215,z-mom,low_step,2000-01-01 05:00:00
43,146.89252373417722,z-mom,low_step,2000-01-01 05:00:00
44,-161.82395174050632,z-mom,low_step,2000-01-01 05:00:00
45,-132.86246044303797,z-mom,low_step,2000-01-01 05:00:00
46,-212.1632911392405,z-mom,low_step,2000-01-01 05:00:00
47,-190.47869857594938,z-mom,low_step,2000-01-01 05:00:00
48,-35.00753065664557,z-mom,low_step,2000-01-01 05:00:00
0,0.0,x-press,low_step,2000-01-01 05:00:00
1,-5.733855914513697e-07,x-press,low_step,2000-01-01 05:00:00
2,-3.320166115372558e-06,x-press,low_step,2000-01-01 05:00:00
3,-4.862674177275039e-05,x-press,low_step,2000-01-01 05:00:00
4,-0.0002615794073790312,x-press,low_step,2000-01-01 05:00:00
5,-5.1082432037219405e-05,x-press,low_step,2000-01-01 05:00:00
6,0.0002809514116961509,x-press,low_step,2000-01-01 05:00:00
7,0.0001562597753945738,x-press,low_step,2000-01-01 05:00:00
8,0.000309036549879238,x-press,low_step,2000-01-01 05:00:00
9,0.00030477737891487777,x-press,low_step,2000-01-01 05:00:00
10,6.058513463358395e-05,x-press,low_step,2000-01-01 05:00:00
11,-3.333971471874975e-05,x-press,low_step,2000-01-01 05:00:00
12,0.0002876972430385649,x-press,low_step,2000-01-01 05:00:00
13,0.0005051884800195694,x-press,low_step,2000-01-01 05:00:00
14,0.0004124334955122322,x-press,low_step,2000-01-01 05:00:00
15,0.00028323809965513647,x-press,low_step,2000-01-01 05:00:00
16,-4.418064418132417e-05,x-press,low_step,2000-01-01 05:00:00
17,0.0001349028607364744,x-press,low_step,2000-01-01 05:00:00
18,0.0002413435431662947,x-press,low_step,2000-01-01 05:00:00
19,0.0001629896432859823,x-press,low_step,2000-01-01 05:00:00
20,0.0003029510844498873,x-press,low_step,2000-01-01 05:00:00
21,-0.00012742540275212377,x-press,low_step,2000-01-01 05:00:00
22,-0.0010180979734286666,x-press,low_step,2000-01-01 05:00:00
23,-0.00047180932597257197,x-press,low_step,2000-01-01 05:00:00
24,-0.00032668779022060335,x-press,low_step,2000-01-01 05:00:00
25,-0.0004782279720529914,x-press,low_step,2000-01-01 05:00:00
26,-5.1634979172376916e-05,x-press,low_step,2000-01-01 05:00:00
27,-0.00055833684746176,x-press,low_step,2000-01-01 05:00:00
28,0.0006444065365940332,x-press,low_step,2000-01-01 05:00:00
29,0.0006872877129353583,x-press,low_step,2000-01-01 05:00:00
30,-0.0020409035496413708,x-press,low_step,2000-01-01 05:00:00
31,-0.003583543701097369,x-press,low_step,2000-01-01 05:00:00
32,0.0009121711482293904,x-press,low_step,2000-01-01 05:00:00
33,-0.001928563229739666,x-press,low_step,2000-01-01 05:00:00
34,-0.00026860166690312326,x-press,low_step,2000-01-01 05:00:00
35,9.808701724978164e-05,x-press,low_step,2000-01-01 05:00:00
36,-0.0009471114608459175,x-press,low_step,2000-01-01 05:00:00
37,0.0015909443609416485,x-press,low_step,2000-01-01 05:00:00
38,0.00015824758156668395,x-press,low_step,2000-01-01 05:00:00
39,-0.0020707424264401197,x-press,low_step,2000-01-01 05:00:00
40,0.0008097030804492533,x-press,low_step,2000-01-01 05:00:00
41,0.0004107140121050179,x-press,low_step,2000-01-01 05:00:00
42,-3.9775554796506185e-06,x-press,low_step,2000-01-01 05:00:00
43,0.0011456303764134645,x-press,low_step,2000-01-01 05:00:00
44,0.0001986261340789497,x-press,low_step,2000-01-01 05:00:00
45,-0.001354771084152162,x-press,low_step,2000-01-01 05:00:00
46,-0.0006697432254441082,x-press,low_step,2000-01-01 05:00:00
47,0.0015685154357925057,x-press,low_step,2000-01-01 05:00:00
48,0.0006320043466985226,x-press,low_step,2000-01-01 05:00:00
0,-0.0,flux-divg,low_step,2000-01-01 05:00:00
1,-4.3722691596308846e-05,flux-divg,low_step,2000-01-01 05:00:00
2,0.000366084214222582,flux-divg,low_step,2000-01-01 05:00:00
3,0.0008247493386570413,flux-divg,low_step,2000-01-01 05:00:00
4,0.0004879398741903187,flux-divg,low_step,2000-01-01 05:00:00
5,-0.0001816334804100327,flux-divg,low_step,2000-01-01 05:00:00
6,7.96849407727196e-06,flux-divg,low_step,2000-01-01 05:00:00
7,-0.00016024040898190338,flux-divg,low_step,2000-01-01 05:00:00
8,0.0004411438760878168,flux-divg,low_step,2000-01-01 05:00:00
9,0.001438659065343157,flux-divg,low_step,2000-01-01 05:00:00
10,0.00033482648632194434,flux-divg,low_step,2000-01-01 05:00:00
11,-0.0006000342299062995,flux-divg,low_step,2000-01-01 05:00:00
12,0.0006410257846494267,flux-divg,low_step,2000-01-01 05:00:00
13,0.00015150234174124799,flux-divg,low_step,2000-01-01 05:00:00
14,0.0002737766468675833,flux-divg,low_step,2000-01-01 05:00:00
15,7.438823844813092e-05,flux-divg,low_step,2000-01-01 05:00:00
16,0.0014581103554254845,flux-divg,low_step,2000-01-01 05:00:00
17,0.0009387550064280066,flux-divg,low_step,2000-01-01 05:00:00
18,0.0006743875160700159,flux-divg,low_step,2000-01-01 05:00:00
19,-0.00032166297622873816,flux-divg,low_step,2000-01-01 05:00:00
20,0.0009302340505092959,flux-divg,low_step,2000-01-01 05:00:00
21,-0.0007061340834219245,flux-divg,low_step,2000-01-01 05:00:00
22,-0.0001736896577666077,flux-divg,low_step,2000-01-01 05:00:00
23,0.001085344864084751,flux-divg,low_step,2000-01-01 05:00:00
24,-3.435921681078169e-05,flux-divg,low_step,2000-01-01 05:00:00
25,-0.00031538405792622625,flux-divg,low_step,2000-01-01 05:00:00
26,-0.00028819965555698055,flux-divg,low_step,2000-01-01 05:00:00
27,-0.000251520672568792,flux-divg,low_step,2000-01-01 05:00:00
28,-0.00047809133602094044,flux-divg,low_step,2000-01-01 05:00:00
29,-0.0006091813949391811,flux-divg,low_step,2000-01-01 05:00:00
30,-0.00034712349227712116,flux-divg,low_step,2000-01-01 05:00:00
31,6.516820690299896e-05,flux-divg,low_step,2000-01-01 05:00:00
32,6.119338409810115e-05,flux-divg,low_step,2000-01-01 05:00:00
33,-0.0007614704711527764,flux-divg,low_step,2000-01-01 05:00:00
34,-0.0013784489189823971,flux-divg,low_step,2000-01-01 05:00:00
35,-0.0004650466378127471,flux-divg,low_step,2000-01-01 05:00:00
36,-0.0005512611408475079,flux-divg,low_step,2000-01-01 05:00:00
37,0.0002775617459454114,flux-divg,low_step,2000-01-01 05:00:00
38,-0.0003400511101831363,flux-divg,low_step,2000-01-01 05:00:00
39,-0.00101776109526429,flux-divg,low_step,2000-01-01 05:00:00
40,-0.00010166848194750056,flux-divg,low_step,2000-01-01 05:00:00
41,-0.00027755607894704306,flux-divg,low_step,2000-01-01 05:00:00
42,-0.0008081918798519085,flux-divg,low_step,2000-01-01 05:00:00
43,0.0008541736786274969,flux-divg,low_step,2000-01-01 05:00:00
44,4.8631883452210255e-05,flux-divg,low_step,2000-01-01 05:00:00
45,-0.00045674695751335025,flux-divg,low_step,2000-01-01 05:00:00
46,-0.00019112040459355218,flux-divg,low_step,2000-01-01 05:00:00
47,-6.831310513653333e-05,flux-divg,low_step,2000-01-01 05:00:00
48,0.0002530107232588754,flux-divg,low_step,2000-01-01 05:00:00
0,0.0,x-mom,high_step,2000-01-01 05:00:00
1,0.00973245408385992,x-mom,high_step,2000-01-01 05:00:00
2,0.07205744087696075,x-mom,high_step,2000-01-01 05:00:00
3,-0.0036639790050685406,x-mom,high_step,2000-01-01 05:00:00
4,0.4929807186126709,x-mom,high_step,2000-01-01 05:00:00
5,6.744071960449219,x-mom,high_step,2000-01-01 05:00:00
6,50.78733825683594,x-mom,high_step,2000-01-01 05:00:00
7,35.780982971191406,x-mom,high_step,2000-01-01 05:00:00
8,279.20867919921875,x-mom,high_step,2000-01-01 05:00:00
9,-63.856163024902344,x-mom,high_step,2000-01-01 05:00:00
10,15.292276382446289,x-mom,high_step,2000-01-01 05:00:00
11,99.64716339111328,x-mom,high_step,2000-01-01 05:00:00
12,91.348388671875,x-mom,high_step,2000-01-01 05:00:00
13,41.0578498840332,x-mom,high_step,2000-01-01 05:00:00
14,-50.00007247924805,x-mom,high_step,2000-01-01 05:00:00
15,40.689857482910156,x-mom,high_step,2000-01-01 05:00:00
16,144.13204956054688,x-mom,high_step,2000-01-01 05:00:00
17,-41.52001953125,x-mom,high_step,2000-01-01 05:00:00
18,-76.64739990234375,x-mom,high_step,2000-01-01 05:00:00
19,224.4138641357422,x-mom,high_step,2000-01-01 05:00:00
20,26.559343338012695,x-mom,high_step,2000-01-01 05:00:00
21,-5.5932183265686035,x-mom,high_step,2000-01-01 05:00:00
22,118.07315826416016,x-mom,high_step,2000-01-01 05:00:00
23,-35.747318267822266,x-mom,high_step,2000-01-01 05:00:00
24,42.74876403808594,x-mom,high_step,2000-01-01 05:00:00
25,108.0535888671875,x-mom,high_step,2000-01-01 05:00:00
26,44.097801208496094,x-mom,high_step,2000-01-01 05:00:00
27,-34.65220260620117,x-mom,high_step,2000-01-01 05:00:00
28,-52.734535217285156,x-mom,high_step,2000-01-01 05:00:00
29,-68.98896789550781,x-mom,high_step,2000-01-01 05:00:00
30,-96.68206787109375,x-mom,high_step,2000-01-01 05:00:00
31,54.4109001159668,x-mom,high_step,2000-01-01 05:00:00
32,96.10851287841797,x-mom,high_step,2000-01-01 05:00:00
33,53.194278717041016,x-mom,high_step,2000-01-01 05:00:00
34,3.1623852252960205,x-mom,high_step,2000-01-01 05:00:00
35,148.9989013671875,x-mom,high_step,2000-01-01 05:00:00
36,92.25276947021484,x-mom,high_step,2000-01-01 05:00:00
37,-58.82652282714844,x-mom,high_step,2000-01-01 05:00:00
38,12.808592796325684,x-mom,high_step,2000-01-01 05:00:00
39,-54.717018127441406,x-mom,high_step,2000-01-01 05:00:00
40,-10.120772361755371,x-mom,high_step,2000-01-01 05:00:00
41,-62.910179138183594,x-mom,high_step,2000-01-01 05:00:00
42,-27.938873291015625,x-mom,high_step,2000-01-01 05:00:00
43,113.74223327636719,x-mom,high_step,2000-01-01 05:00:00
44,82.11393737792969,x-mom,high_step,2000-01-01 05:00:00
45,12.262319564819336,x-mom,high_step,2000-01-01 05:00:00
46,66.48621368408203,x-mom,high_step,2000-01-01 05:00:00
47,4.516562461853027,x-mom,high_step,2000-01-01 05:00:00
48,-46.125709533691406,x-mom,high_step,2000-01-01 05:00:00
0,0.0,y-mom,high_step,2000-01-01 05:00:00
1,0.0016136367339640856,y-mom,high_step,2000-01-01 05:00:00
2,-0.0013395522255450487,y-mom,high_step,2000-01-01 05:00:00
3,-0.006487245671451092,y-mom,high_step,2000-01-01 05:00:00
4,0.0028658087830990553,y-mom,high_step,2000-01-01 05:00:00
5,-0.19927124679088593,y-mom,high_step,2000-01-01 05:00:00
6,28.831350326538086,y-mom,high_step,2000-01-01 05:00:00
7,8.510625839233398,y-mom,high_step,2000-01-01 05:00:00
8,13.770319938659668,y-mom,high_step,2000-01-01 05:00:00
9,46.7616081237793,y-mom,high_step,2000-01-01 05:00:00
10,-5.385939598083496,y-mom,high_step,2000-01-01 05:00:00
11,-34.29258346557617,y-mom,high_step,2000-01-01 05:00:00
12,-34.604217529296875,y-mom,high_step,2000-01-01 05:00:00
13,-0.0836796909570694,y-mom,high_step,2000-01-01 05:00:00
14,-22.854778289794922,y-mom,high_step,2000-01-01 05:00:00
15,-37.590579986572266,y-mom,high_step,2000-01-01 05:00:00
16,0.49586546421051025,y-mom,high_step,2000-01-01 05:00:00
17,43.82421875,y-mom,high_step,2000-01-01 05:00:00
18,7.066344738006592,y-mom,high_step,2000-01-01 05:00:00
19,24.120468139648438,y-mom,high_step,2000-01-01 05:00:00
20,40.76615905761719,y-mom,high_step,2000-01-01 05:00:00
21,13.055293083190918,y-mom,high_step,2000-01-01 05:00:00
22,8.869410514831543,y-mom,high_step,2000-01-01 05:00:00
23,-7.72004508972168,y-mom,high_step,2000-01-01 05:00:00
24,17.74355125427246,y-mom,high_step,2000-01-01 05:00:00
25,-17.137020111083984,y-mom,high_step,2000-01-01 05:00:00
26,21.233808517456055,y-mom,high_step,2000-01-01 05:00:00
27,-2.9159133434295654,y-mom,high_step,2000-01-01 05:00:00
28,-18.69959831237793,y-mom,high_step,2000-01-01 05:00:00
29,-13.137757301330566,y-mom,high_step,2000-01-01 05:00:00
30,1.5877299308776855,y-mom,high_step,2000-01-01 05:00:00
31,23.422565460205078,y-mom,high_step,2000-01-01 05:00:00
32,17.514551162719727,y-mom,high_step,2000-01-01 05:00:00
33,10.355819702148438,y-mom,high_step,2000-01-01 05:00:00
34,12.788744926452637,y-mom,high_step,2000-01-01 05:00:00
35,-14.751384735107422,y-mom,high_step,2000-01-01 05:00:00
36,7.827438831329346,y-mom,high_step,2000-01-01 05:00:00
37,32.32276916503906,y-mom,high_step,2000-01-01 05:00:00
38,14.077638626098633,y-mom,high_step,2000-01-01 05:00:00
39,9.590455055236816,y-mom,high_step,2000-01-01 05:00:00
40,-28.378936767578125,y-mom,high_step,2000-01-01 05:00:00
41,6.436939716339111,y-mom,high_step,2000-01-01 05:00:00
42,-13.160243034362793,y-mom,high_step,2000-01-01 05:00:00
43,-17.396072387695312,y-mom,high_step,2000-01-01 05:00:00
44,-20.966217041015625,y-mom,high_step,2000-01-01 05:00:00
45,25.883562088012695,y-mom,high_step,2000-01-01 05:00:00
46,-16.740144729614258,y-mom,high_step,2000-01-01 05:00:00
47,-12.77014446258545,y-mom,high_step,2000-01-01 05:00:00
48,-19.06166648864746,y-mom,high_step,2000-01-01 05:00:00
0,39.04811857199367,z-mom,high_step,2000-01-01 05:00:00
1,27.296449762658227,z-mom,high_step,2000-01-01 05:00:00
2,101.1365506329114,z-mom,high_step,2000-01-01 05:00:00
3,39.482866890822784,z-mom,high_step,2000-01-01 05:00:00
4,139.0185917721519,z-mom,high_step,2000-01-01 05:00:00
5,71.46337519778481,z-mom,high_step,2000-01-01 05:00:00
6,-180.16129351265823,z-mom,high_step,2000-01-01 05:00:00
7,-631.8308544303798,z-mom,high_step,2000-01-01 05:00:00
8,-224.19386867088608,z-mom,high_step,2000-01-01 05:00:00
9,200.77418908227847,z-mom,high_step,2000-01-01 05:00:00
10,315.35947389240505,z-mom,high_step,2000-01-01 05:00:00
11,210.14754746835442,z-mom,high_step,2000-01-01 05:00:00
12,-38.977056962025316,z-mom,high_step,2000-01-01 05:00:00
13,-230.95668512658227,z-mom,high_step,2000-01-01 05:00:00
14,-13.767543512658229,z-mom,high_step,2000-01-01 05:00:00
15,-249.1735759493671,z-mom,high_step,2000-01-01 05:00:00
16,-335.6959256329114,z-mom,high_step,2000-01-01 05:00:00
17,-327.93854825949364,z-mom,high_step,2000-01-01 05:00:00
18,-193.382792721519,z-mom,high_step,2000-01-01 05:00:00
19,-283.8929984177215,z-mom,high_step,2000-01-01 05:00:00
20,-91.76036392405064,z-mom,high_step,2000-01-01 05:00:00
21,-340.41989715189874,z-mom,high_step,2000-01-01 05:00:00
22,-153.0846914556962,z-mom,high_step,2000-01-01 05:00:00
23,-98.71755340189874,z-mom,high_step,2000-01-01 05:00:00
24,-197.8330893987342,z-mom,high_step,2000-01-01 05:00:00
25,-76.10222507911392,z-mom,high_step,2000-01-01 05:00:00
26,23.72995450949367,z-mom,high_step,2000-01-01 05:00:00
27,-78.05985957278482,z-mom,high_step,2000-01-01 05:00:00
28,-71.61030458860759,z-mom,high_step,2000-01-01 05:00:00
29,-17.91112910403481,z-mom,high_step,2000-01-01 05:00:00
30,-12.155247478243671,z-mom,high_step,2000-01-01 05:00:00
31,-118.72865901898734,z-mom,high_step,2000-01-01 05:00:00
32,18.10237341772152,z-mom,high_step,2000-01-01 05:00:00
33,118.44160403481013,z-mom,high_step,2000-01-01 05:00:00
34,95.66445806962025,z-mom,high_step,2000-01-01 05:00:00
35,-228.81151107594937,z-mom,high_step,2000-01-01 05:00:00
36,-50.15820806962025,z-mom,high_step,2000-01-01 05:00:00
37,-123.15535996835443,z-mom,high_step,2000-01-01 05:00:00
38,-54.4546875,z-mom,high_step,2000-01-01 05:00:00
39,-87.72159810126583,z-mom,high_step,2000-01-01 05:00:00
40,-134.94669699367088,z-mom,high_step,2000-01-01 05:00:00
41,-225.0028283227848,z-mom,high_step,2000-01-01 05:00:00
42,-59.99004647943038,z-mom,high_step,2000-01-01 05:00:00
43,-51.27150415348101,z-mom,high_step,2000-01-01 05:00:00
44,-49.09473397943038,z-mom,high_step,2000-01-01 05:00:00
45,-93.72139042721518,z-mom,high_step,2000-01-01 05:00:00
46,-80.19285502373418,z-mom,high_step,2000-01-01 05:00:00
47,-66.57690862341772,z-mom,high_step,2000-01-01 05:00:00
48,-195.0131329113924,z-mom,high_step,2000-01-01 05:00:00
0,0.0,x-press,high_step,2000-01-01 05:00:00
1,-3.122525527032849e-07,x-press,high_step,2000-01-01 05:00:00
2,-3.776009180000983e-06,x-press,high_step,2000-01-01 05:00:00
3,-5.355472967494279e-05,x-press,high_step,2000-01-01 05:00:00
4,-0.00038087679422460496,x-press,high_step,2000-01-01 05:00:00
5,-0.0005422504618763924,x-press,high_step,2000-01-01 05:00:00
6,5.4050295148044825e-05,x-press,high_step,2000-01-01 05:00:00
7,0.00018215067393612117,x-press,high_step,2000-01-01 05:00:00
8,-0.00023185322061181068,x-press,high_step,2000-01-01 05:00:00
9,2.9022230592090636e-05,x-press,high_step,2000-01-01 05:00:00
10,0.0002882651169784367,x-press,high_step,2000-01-01 05:00:00
11,-5.364100798033178e-05,x-press,high_step,2000-01-01 05:00:00
12,3.941154864151031e-05,x-press,high_step,2000-01-01 05:00:00
13,0.0002601027663331479,x-press,high_step,2000-01-01 05:00:00
14,7.89477999205701e-05,x-press,high_step,2000-01-01 05:00:00
15,8.52563462103717e-05,x-press,high_step,2000-01-01 05:00:00
16,1.7092488633352332e-05,x-press,high_step,2000-01-01 05:00:00
17,-0.0005685288342647254,x-press,high_step,2000-01-01 05:00:00
18,-0.0007341753807850182,x-press,high_step,2000-01-01 05:00:00
19,-0.0009063975885510445,x-press,high_step,2000-01-01 05:00:00
20,-0.0010834374697878957,x-press,high_step,2000-01-01 05:00:00
21,-0.0013639265671372414,x-press,high_step,2000-01-01 05:00:00
22,-0.002041335217654705,x-press,high_step,2000-01-01 05:00:00
23,-0.002531313104555011,x-press,high_step,2000-01-01 05:00:00
24,-0.0020538854878395796,x-press,high_step,2000-01-01 05:00:00
25,-0.0012786757433786988,x-press,high_step,2000-01-01 05:00:00
26,-0.0011313713621348143,x-press,high_step,2000-01-01 05:00:00
27,-0.0018000139389187098,x-press,high_step,2000-01-01 05:00:00
28,-0.00030221909401006997,x-press,high_step,2000-01-01 05:00:00
29,0.0007684737211093307,x-press,high_step,2000-01-01 05:00:00
30,0.0005215043784119189,x-press,high_step,2000-01-01 05:00:00
31,0.0004961937665939331,x-press,high_step,2000-01-01 05:00:00
32,-0.0010841268813237548,x-press,high_step,2000-01-01 05:00:00
33,-0.00014284659118857235,x-press,high_step,2000-01-01 05:00:00
34,-0.0006029690848663449,x-press,high_step,2000-01-01 05:00:00
35,-0.0008892226032912731,x-press,high_step,2000-01-01 05:00:00
36,0.0006263857358135283,x-press,high_step,2000-01-01 05:00:00
37,-0.0004405551590025425,x-press,high_step,2000-01-01 05:00:00
38,-0.00029501219978556037,x-press,high_step,2000-01-01 05:00:00
39,-0.0010739013087004423,x-press,high_step,2000-01-01 05:00:00
40,0.0008395389886572957,x-press,high_step,2000-01-01 05:00:00
41,-0.0006746771396137774,x-press,high_step,2000-01-01 05:00:00
42,-0.0003607946273405105,x-press,high_step,2000-01-01 05:00:00
43,0.0007906097453087568,x-press,high_step,2000-01-01 05:00:00
44,-0.0004383387276902795,x-press,high_step,2000-01-01 05:00:00
45,-0.0011721814516931772,x-press,high_step,2000-01-01 05:00:00
46,0.0007826914079487324,x-press,high_step,2000-01-01 05:00:00
47,0.0008506625890731812,x-press,high_step,2000-01-01 05:00:00
48,-0.00018851881031878293,x-press,high_step,2000-01-01 05:00:00
0,-0.0,flux-divg,high_step,2000-01-01 05:00:00
1,1.5511662929872826e-05,flux-divg,high_step,2000-01-01 05:00:00
2,0.0006582487275328819,flux-divg,high_step,2000-01-01 05:00:00
3,0.0008293931946573379,flux-divg,high_step,2000-01-01 05:00:00
4,0.0010063718076295497,flux-divg,high_step,2000-01-01 05:00:00
5,0.0006512628096568433,flux-divg,high_step,2000-01-01 05:00:00
6,-0.0003115866591055181,flux-divg,high_step,2000-01-01 05:00:00
7,-0.00114328942938696,flux-divg,high_step,2000-01-01 05:00:00
8,0.0008006023551844344,flux-divg,high_step,2000-01-01 05:00:00
9,0.0012829166460640825,flux-divg,high_step,2000-01-01 05:00:00
10,0.0014943039674396755,flux-divg,high_step,2000-01-01 05:00:00
11,0.0011530873127225077,flux-divg,high_step,2000-01-01 05:00:00
12,0.00039014735740951337,flux-divg,high_step,2000-01-01 05:00:00
13,0.0007241574212569226,flux-divg,high_step,2000-01-01 05:00:00
14,0.0005796434156200556,flux-divg,high_step,2000-01-01 05:00:00
15,-0.0002798484937450554,flux-divg,high_step,2000-01-01 05:00:00
16,-0.0005565530009209354,flux-divg,high_step,2000-01-01 05:00:00
17,0.00016359708761867097,flux-divg,high_step,2000-01-01 05:00:00
18,0.0005658280770989909,flux-divg,high_step,2000-01-01 05:00:00
19,-0.00042460066783277294,flux-divg,high_step,2000-01-01 05:00:00
20,-0.0008706450797938099,flux-divg,high_step,2000-01-01 05:00:00
21,-0.0006064048564283154,flux-divg,high_step,2000-01-01 05:00:00
22,0.0005029587912257712,flux-divg,high_step,2000-01-01 05:00:00
23,-0.00041379104807407055,flux-divg,high_step,2000-01-01 05:00:00
24,-0.0016589262177672567,flux-divg,high_step,2000-01-01 05:00:00
25,-0.00012680763341203516,flux-divg,high_step,2000-01-01 05:00:00
26,-0.00019712052453922335,flux-divg,high_step,2000-01-01 05:00:00
27,0.0002281391501124902,flux-divg,high_step,2000-01-01 05:00:00
28,-7.287829049025911e-05,flux-divg,high_step,2000-01-01 05:00:00
29,-0.0003263016249258308,flux-divg,high_step,2000-01-01 05:00:00
30,-0.0003942868742158141,flux-divg,high_step,2000-01-01 05:00:00
31,-0.0007609815708594985,flux-divg,high_step,2000-01-01 05:00:00
32,-0.00030782446269747566,flux-divg,high_step,2000-01-01 05:00:00
33,-0.0009971463321734077,flux-divg,high_step,2000-01-01 05:00:00
34,0.00017713829330251186,flux-divg,high_step,2000-01-01 05:00:00
35,-0.0010054044390328323,flux-divg,high_step,2000-01-01 05:00:00
36,3.0531871167919226e-05,flux-divg,high_step,2000-01-01 05:00:00
37,-0.00020944208265859864,flux-divg,high_step,2000-01-01 05:00:00
38,-0.0002732276240481606,flux-divg,high_step,2000-01-01 05:00:00
39,-0.00015256697398197803,flux-divg,high_step,2000-01-01 05:00:00
40,-0.00022751255856284612,flux-divg,high_step,2000-01-01 05:00:00
41,-0.0006455975206592414,flux-divg,high_step,2000-01-01 05:00:00
42,1.0458443557159747e-05,flux-divg,high_step,2000-01-01 05:00:00
43,7.171889293042922e-05,flux-divg,high_step,2000-01-01 05:00:00
44,1.522514826134791e-05,flux-divg,high_step,2000-01-01 05:00:00
45,-6.290789640402483e-05,flux-divg,high_step,2000-01-01 05:00:00
46,3.303806739517401e-05,flux-divg,high_step,2000-01-01 05:00:00
47,-0.00019700968488862248,flux-divg,high_step,2000-01-01 05:00:00
48,-0.0006653740257552907,flux-divg,high_step,2000-01-01 05:00:00
